CRITICAL - 2026-07-07 13:04:32 --> ValueError: Path cannot be empty
[Method: GET, Route: api/partner-logo/dynamix]
in APPPATH\Controllers\Api\PartnerLogoApi.php on line 63.
 1 APPPATH\Controllers\Api\PartnerLogoApi.php(63): file_get_contents('', false, resource (stream-context))
 2 APPPATH\Controllers\Api\PartnerLogoApi.php(28): App\Controllers\Api\PartnerLogoApi->fetchUrl('')
 3 SYSTEMPATH\CodeIgniter.php(933): App\Controllers\Api\PartnerLogoApi->serve('dynamix')
 4 SYSTEMPATH\CodeIgniter.php(507): CodeIgniter\CodeIgniter->runController(Object(App\Controllers\Api\PartnerLogoApi))
 5 SYSTEMPATH\CodeIgniter.php(354): CodeIgniter\CodeIgniter->handleRequest(null, Object(Config\Cache), false)
 6 SYSTEMPATH\Boot.php(363): CodeIgniter\CodeIgniter->run()
 7 SYSTEMPATH\Boot.php(68): CodeIgniter\Boot::runCodeIgniter(Object(CodeIgniter\CodeIgniter))
 8 FCPATH\index.php(59): CodeIgniter\Boot::bootWeb(Object(Config\Paths))
 9 SYSTEMPATH\rewrite.php(44): require_once('C:\\xampp\\htdocs\\PROJECT-SPORTSPACE\\sportspace\\sportspace\\public\\index.php')
CRITICAL - 2026-07-07 13:04:32 --> ErrorException: Uncaught CodeIgniter\Format\Exceptions\FormatException: Failed to parse JSON string. Error: Type is not supported in C:\xampp\htdocs\PROJECT-SPORTSPACE\sportspace\sportspace\vendor\codeigniter4\framework\system\Format\JSONFormatter.php:47
Stack trace:
#0 C:\xampp\htdocs\PROJECT-SPORTSPACE\sportspace\sportspace\vendor\codeigniter4\framework\system\Format\JSONFormatter.php(47): CodeIgniter\Format\Exceptions\FormatException::forInvalidJSON('Type is not sup...')
#1 C:\xampp\htdocs\PROJECT-SPORTSPACE\sportspace\sportspace\vendor\codeigniter4\framework\system\API\ResponseTrait.php(347): CodeIgniter\Format\JSONFormatter->format(Array)
#2 C:\xampp\htdocs\PROJECT-SPORTSPACE\sportspace\sportspace\vendor\codeigniter4\framework\system\API\ResponseTrait.php(106): CodeIgniter\Debug\ExceptionHandler->format(Array)
#3 C:\xampp\htdocs\PROJECT-SPORTSPACE\sportspace\sportspace\vendor\codeigniter4\framework\system\Debug\ExceptionHandler.php(85): CodeIgniter\Debug\ExceptionHandler->respond(Array, 500)
#4 C:\xampp\htdocs\PROJECT-SPORTSPACE\sportspace\sportspace\vendor\codeigniter4\framework\system\Debug\Exceptions.php(162): CodeIgniter\Debug\ExceptionHandler->handle(Object(ValueError), Object(CodeIgniter\HTTP\IncomingRequest), Object(CodeIgniter\HTTP\Response), 500, 1)
#5 [internal function]: CodeIgniter\Debug\Exceptions->exceptionHandler(Object(ValueError))
#6 {main}
  thrown
【Previous Exception】
ValueError
Path cannot be empty
#0 C:\xampp\htdocs\PROJECT-SPORTSPACE\sportspace\sportspace\app\Controllers\Api\PartnerLogoApi.php(63): file_get_contents('', false, Resource id #9)
#1 C:\xampp\htdocs\PROJECT-SPORTSPACE\sportspace\sportspace\app\Controllers\Api\PartnerLogoApi.php(28): App\Controllers\Api\PartnerLogoApi->fetchUrl('')
#2 C:\xampp\htdocs\PROJECT-SPORTSPACE\sportspace\sportspace\vendor\codeigniter4\framework\system\CodeIgniter.php(933): App\Controllers\Api\PartnerLogoApi->serve('dynamix')
#3 C:\xampp\htdocs\PROJECT-SPORTSPACE\sportspace\sportspace\vendor\codeigniter4\framework\system\CodeIgniter.php(507): CodeIgniter\CodeIgniter->runController(Object(App\Controllers\Api\PartnerLogoApi))
#4 C:\xampp\htdocs\PROJECT-SPORTSPACE\sportspace\sportspace\vendor\codeigniter4\framework\system\CodeIgniter.php(354): CodeIgniter\CodeIgniter->handleRequest(NULL, Object(Config\Cache), false)
#5 C:\xampp\htdocs\PROJECT-SPORTSPACE\sportspace\sportspace\vendor\codeigniter4\framework\system\Boot.php(363): CodeIgniter\CodeIgniter->run()
#6 C:\xampp\htdocs\PROJECT-SPORTSPACE\sportspace\sportspace\vendor\codeigniter4\framework\system\Boot.php(68): CodeIgniter\Boot::runCodeIgniter(Object(CodeIgniter\CodeIgniter))
#7 C:\xampp\htdocs\PROJECT-SPORTSPACE\sportspace\sportspace\public\index.php(59): CodeIgniter\Boot::bootWeb(Object(Config\Paths))
#8 C:\xampp\htdocs\PROJECT-SPORTSPACE\sportspace\sportspace\vendor\codeigniter4\framework\system\rewrite.php(44): require_once('C:\\xampp\\htdocs...')
#9 {main}
[Method: GET, Route: api/partner-logo/dynamix]
in SYSTEMPATH\Format\JSONFormatter.php on line 47.
 1 [internal function]: CodeIgniter\Debug\Exceptions->shutdownHandler()
CRITICAL - 2026-07-07 13:12:31 --> ValueError: Path cannot be empty
[Method: GET, Route: api/partner-logo/dynamix]
in APPPATH\Controllers\Api\PartnerLogoApi.php on line 63.
 1 APPPATH\Controllers\Api\PartnerLogoApi.php(63): file_get_contents('', false, resource (stream-context))
 2 APPPATH\Controllers\Api\PartnerLogoApi.php(28): App\Controllers\Api\PartnerLogoApi->fetchUrl('')
 3 SYSTEMPATH\CodeIgniter.php(933): App\Controllers\Api\PartnerLogoApi->serve('dynamix')
 4 SYSTEMPATH\CodeIgniter.php(507): CodeIgniter\CodeIgniter->runController(Object(App\Controllers\Api\PartnerLogoApi))
 5 SYSTEMPATH\CodeIgniter.php(354): CodeIgniter\CodeIgniter->handleRequest(null, Object(Config\Cache), false)
 6 SYSTEMPATH\Boot.php(363): CodeIgniter\CodeIgniter->run()
 7 SYSTEMPATH\Boot.php(68): CodeIgniter\Boot::runCodeIgniter(Object(CodeIgniter\CodeIgniter))
 8 FCPATH\index.php(59): CodeIgniter\Boot::bootWeb(Object(Config\Paths))
 9 SYSTEMPATH\rewrite.php(44): require_once('C:\\xampp\\htdocs\\PROJECT-SPORTSPACE\\sportspace\\sportspace\\public\\index.php')
CRITICAL - 2026-07-07 13:12:31 --> ErrorException: Uncaught CodeIgniter\Format\Exceptions\FormatException: Failed to parse JSON string. Error: Type is not supported in C:\xampp\htdocs\PROJECT-SPORTSPACE\sportspace\sportspace\vendor\codeigniter4\framework\system\Format\JSONFormatter.php:47
Stack trace:
#0 C:\xampp\htdocs\PROJECT-SPORTSPACE\sportspace\sportspace\vendor\codeigniter4\framework\system\Format\JSONFormatter.php(47): CodeIgniter\Format\Exceptions\FormatException::forInvalidJSON('Type is not sup...')
#1 C:\xampp\htdocs\PROJECT-SPORTSPACE\sportspace\sportspace\vendor\codeigniter4\framework\system\API\ResponseTrait.php(347): CodeIgniter\Format\JSONFormatter->format(Array)
#2 C:\xampp\htdocs\PROJECT-SPORTSPACE\sportspace\sportspace\vendor\codeigniter4\framework\system\API\ResponseTrait.php(106): CodeIgniter\Debug\ExceptionHandler->format(Array)
#3 C:\xampp\htdocs\PROJECT-SPORTSPACE\sportspace\sportspace\vendor\codeigniter4\framework\system\Debug\ExceptionHandler.php(85): CodeIgniter\Debug\ExceptionHandler->respond(Array, 500)
#4 C:\xampp\htdocs\PROJECT-SPORTSPACE\sportspace\sportspace\vendor\codeigniter4\framework\system\Debug\Exceptions.php(162): CodeIgniter\Debug\ExceptionHandler->handle(Object(ValueError), Object(CodeIgniter\HTTP\IncomingRequest), Object(CodeIgniter\HTTP\Response), 500, 1)
#5 [internal function]: CodeIgniter\Debug\Exceptions->exceptionHandler(Object(ValueError))
#6 {main}
  thrown
【Previous Exception】
ValueError
Path cannot be empty
#0 C:\xampp\htdocs\PROJECT-SPORTSPACE\sportspace\sportspace\app\Controllers\Api\PartnerLogoApi.php(63): file_get_contents('', false, Resource id #9)
#1 C:\xampp\htdocs\PROJECT-SPORTSPACE\sportspace\sportspace\app\Controllers\Api\PartnerLogoApi.php(28): App\Controllers\Api\PartnerLogoApi->fetchUrl('')
#2 C:\xampp\htdocs\PROJECT-SPORTSPACE\sportspace\sportspace\vendor\codeigniter4\framework\system\CodeIgniter.php(933): App\Controllers\Api\PartnerLogoApi->serve('dynamix')
#3 C:\xampp\htdocs\PROJECT-SPORTSPACE\sportspace\sportspace\vendor\codeigniter4\framework\system\CodeIgniter.php(507): CodeIgniter\CodeIgniter->runController(Object(App\Controllers\Api\PartnerLogoApi))
#4 C:\xampp\htdocs\PROJECT-SPORTSPACE\sportspace\sportspace\vendor\codeigniter4\framework\system\CodeIgniter.php(354): CodeIgniter\CodeIgniter->handleRequest(NULL, Object(Config\Cache), false)
#5 C:\xampp\htdocs\PROJECT-SPORTSPACE\sportspace\sportspace\vendor\codeigniter4\framework\system\Boot.php(363): CodeIgniter\CodeIgniter->run()
#6 C:\xampp\htdocs\PROJECT-SPORTSPACE\sportspace\sportspace\vendor\codeigniter4\framework\system\Boot.php(68): CodeIgniter\Boot::runCodeIgniter(Object(CodeIgniter\CodeIgniter))
#7 C:\xampp\htdocs\PROJECT-SPORTSPACE\sportspace\sportspace\public\index.php(59): CodeIgniter\Boot::bootWeb(Object(Config\Paths))
#8 C:\xampp\htdocs\PROJECT-SPORTSPACE\sportspace\sportspace\vendor\codeigniter4\framework\system\rewrite.php(44): require_once('C:\\xampp\\htdocs...')
#9 {main}
[Method: GET, Route: api/partner-logo/dynamix]
in SYSTEMPATH\Format\JSONFormatter.php on line 47.
 1 [internal function]: CodeIgniter\Debug\Exceptions->shutdownHandler()
CRITICAL - 2026-07-07 13:13:44 --> ValueError: Path cannot be empty
[Method: GET, Route: api/partner-logo/dynamix]
in APPPATH\Controllers\Api\PartnerLogoApi.php on line 63.
 1 APPPATH\Controllers\Api\PartnerLogoApi.php(63): file_get_contents('', false, resource (stream-context))
 2 APPPATH\Controllers\Api\PartnerLogoApi.php(28): App\Controllers\Api\PartnerLogoApi->fetchUrl('')
 3 SYSTEMPATH\CodeIgniter.php(933): App\Controllers\Api\PartnerLogoApi->serve('dynamix')
 4 SYSTEMPATH\CodeIgniter.php(507): CodeIgniter\CodeIgniter->runController(Object(App\Controllers\Api\PartnerLogoApi))
 5 SYSTEMPATH\CodeIgniter.php(354): CodeIgniter\CodeIgniter->handleRequest(null, Object(Config\Cache), false)
 6 SYSTEMPATH\Boot.php(363): CodeIgniter\CodeIgniter->run()
 7 SYSTEMPATH\Boot.php(68): CodeIgniter\Boot::runCodeIgniter(Object(CodeIgniter\CodeIgniter))
 8 FCPATH\index.php(59): CodeIgniter\Boot::bootWeb(Object(Config\Paths))
 9 SYSTEMPATH\rewrite.php(44): require_once('C:\\xampp\\htdocs\\PROJECT-SPORTSPACE\\sportspace\\sportspace\\public\\index.php')
CRITICAL - 2026-07-07 13:13:44 --> ErrorException: Uncaught CodeIgniter\Format\Exceptions\FormatException: Failed to parse JSON string. Error: Type is not supported in C:\xampp\htdocs\PROJECT-SPORTSPACE\sportspace\sportspace\vendor\codeigniter4\framework\system\Format\JSONFormatter.php:47
Stack trace:
#0 C:\xampp\htdocs\PROJECT-SPORTSPACE\sportspace\sportspace\vendor\codeigniter4\framework\system\Format\JSONFormatter.php(47): CodeIgniter\Format\Exceptions\FormatException::forInvalidJSON('Type is not sup...')
#1 C:\xampp\htdocs\PROJECT-SPORTSPACE\sportspace\sportspace\vendor\codeigniter4\framework\system\API\ResponseTrait.php(347): CodeIgniter\Format\JSONFormatter->format(Array)
#2 C:\xampp\htdocs\PROJECT-SPORTSPACE\sportspace\sportspace\vendor\codeigniter4\framework\system\API\ResponseTrait.php(106): CodeIgniter\Debug\ExceptionHandler->format(Array)
#3 C:\xampp\htdocs\PROJECT-SPORTSPACE\sportspace\sportspace\vendor\codeigniter4\framework\system\Debug\ExceptionHandler.php(85): CodeIgniter\Debug\ExceptionHandler->respond(Array, 500)
#4 C:\xampp\htdocs\PROJECT-SPORTSPACE\sportspace\sportspace\vendor\codeigniter4\framework\system\Debug\Exceptions.php(162): CodeIgniter\Debug\ExceptionHandler->handle(Object(ValueError), Object(CodeIgniter\HTTP\IncomingRequest), Object(CodeIgniter\HTTP\Response), 500, 1)
#5 [internal function]: CodeIgniter\Debug\Exceptions->exceptionHandler(Object(ValueError))
#6 {main}
  thrown
【Previous Exception】
ValueError
Path cannot be empty
#0 C:\xampp\htdocs\PROJECT-SPORTSPACE\sportspace\sportspace\app\Controllers\Api\PartnerLogoApi.php(63): file_get_contents('', false, Resource id #9)
#1 C:\xampp\htdocs\PROJECT-SPORTSPACE\sportspace\sportspace\app\Controllers\Api\PartnerLogoApi.php(28): App\Controllers\Api\PartnerLogoApi->fetchUrl('')
#2 C:\xampp\htdocs\PROJECT-SPORTSPACE\sportspace\sportspace\vendor\codeigniter4\framework\system\CodeIgniter.php(933): App\Controllers\Api\PartnerLogoApi->serve('dynamix')
#3 C:\xampp\htdocs\PROJECT-SPORTSPACE\sportspace\sportspace\vendor\codeigniter4\framework\system\CodeIgniter.php(507): CodeIgniter\CodeIgniter->runController(Object(App\Controllers\Api\PartnerLogoApi))
#4 C:\xampp\htdocs\PROJECT-SPORTSPACE\sportspace\sportspace\vendor\codeigniter4\framework\system\CodeIgniter.php(354): CodeIgniter\CodeIgniter->handleRequest(NULL, Object(Config\Cache), false)
#5 C:\xampp\htdocs\PROJECT-SPORTSPACE\sportspace\sportspace\vendor\codeigniter4\framework\system\Boot.php(363): CodeIgniter\CodeIgniter->run()
#6 C:\xampp\htdocs\PROJECT-SPORTSPACE\sportspace\sportspace\vendor\codeigniter4\framework\system\Boot.php(68): CodeIgniter\Boot::runCodeIgniter(Object(CodeIgniter\CodeIgniter))
#7 C:\xampp\htdocs\PROJECT-SPORTSPACE\sportspace\sportspace\public\index.php(59): CodeIgniter\Boot::bootWeb(Object(Config\Paths))
#8 C:\xampp\htdocs\PROJECT-SPORTSPACE\sportspace\sportspace\vendor\codeigniter4\framework\system\rewrite.php(44): require_once('C:\\xampp\\htdocs...')
#9 {main}
[Method: GET, Route: api/partner-logo/dynamix]
in SYSTEMPATH\Format\JSONFormatter.php on line 47.
 1 [internal function]: CodeIgniter\Debug\Exceptions->shutdownHandler()
CRITICAL - 2026-07-07 13:20:11 --> ValueError: Path cannot be empty
[Method: GET, Route: api/partner-logo/dynamix]
in APPPATH\Controllers\Api\PartnerLogoApi.php on line 63.
 1 APPPATH\Controllers\Api\PartnerLogoApi.php(63): file_get_contents('', false, resource (stream-context))
 2 APPPATH\Controllers\Api\PartnerLogoApi.php(28): App\Controllers\Api\PartnerLogoApi->fetchUrl('')
 3 SYSTEMPATH\CodeIgniter.php(933): App\Controllers\Api\PartnerLogoApi->serve('dynamix')
 4 SYSTEMPATH\CodeIgniter.php(507): CodeIgniter\CodeIgniter->runController(Object(App\Controllers\Api\PartnerLogoApi))
 5 SYSTEMPATH\CodeIgniter.php(354): CodeIgniter\CodeIgniter->handleRequest(null, Object(Config\Cache), false)
 6 SYSTEMPATH\Boot.php(363): CodeIgniter\CodeIgniter->run()
 7 SYSTEMPATH\Boot.php(68): CodeIgniter\Boot::runCodeIgniter(Object(CodeIgniter\CodeIgniter))
 8 FCPATH\index.php(59): CodeIgniter\Boot::bootWeb(Object(Config\Paths))
 9 SYSTEMPATH\rewrite.php(44): require_once('C:\\xampp\\htdocs\\PROJECT-SPORTSPACE\\sportspace\\sportspace\\public\\index.php')
CRITICAL - 2026-07-07 13:20:11 --> ErrorException: Uncaught CodeIgniter\Format\Exceptions\FormatException: Failed to parse JSON string. Error: Type is not supported in C:\xampp\htdocs\PROJECT-SPORTSPACE\sportspace\sportspace\vendor\codeigniter4\framework\system\Format\JSONFormatter.php:47
Stack trace:
#0 C:\xampp\htdocs\PROJECT-SPORTSPACE\sportspace\sportspace\vendor\codeigniter4\framework\system\Format\JSONFormatter.php(47): CodeIgniter\Format\Exceptions\FormatException::forInvalidJSON('Type is not sup...')
#1 C:\xampp\htdocs\PROJECT-SPORTSPACE\sportspace\sportspace\vendor\codeigniter4\framework\system\API\ResponseTrait.php(347): CodeIgniter\Format\JSONFormatter->format(Array)
#2 C:\xampp\htdocs\PROJECT-SPORTSPACE\sportspace\sportspace\vendor\codeigniter4\framework\system\API\ResponseTrait.php(106): CodeIgniter\Debug\ExceptionHandler->format(Array)
#3 C:\xampp\htdocs\PROJECT-SPORTSPACE\sportspace\sportspace\vendor\codeigniter4\framework\system\Debug\ExceptionHandler.php(85): CodeIgniter\Debug\ExceptionHandler->respond(Array, 500)
#4 C:\xampp\htdocs\PROJECT-SPORTSPACE\sportspace\sportspace\vendor\codeigniter4\framework\system\Debug\Exceptions.php(162): CodeIgniter\Debug\ExceptionHandler->handle(Object(ValueError), Object(CodeIgniter\HTTP\IncomingRequest), Object(CodeIgniter\HTTP\Response), 500, 1)
#5 [internal function]: CodeIgniter\Debug\Exceptions->exceptionHandler(Object(ValueError))
#6 {main}
  thrown
【Previous Exception】
ValueError
Path cannot be empty
#0 C:\xampp\htdocs\PROJECT-SPORTSPACE\sportspace\sportspace\app\Controllers\Api\PartnerLogoApi.php(63): file_get_contents('', false, Resource id #9)
#1 C:\xampp\htdocs\PROJECT-SPORTSPACE\sportspace\sportspace\app\Controllers\Api\PartnerLogoApi.php(28): App\Controllers\Api\PartnerLogoApi->fetchUrl('')
#2 C:\xampp\htdocs\PROJECT-SPORTSPACE\sportspace\sportspace\vendor\codeigniter4\framework\system\CodeIgniter.php(933): App\Controllers\Api\PartnerLogoApi->serve('dynamix')
#3 C:\xampp\htdocs\PROJECT-SPORTSPACE\sportspace\sportspace\vendor\codeigniter4\framework\system\CodeIgniter.php(507): CodeIgniter\CodeIgniter->runController(Object(App\Controllers\Api\PartnerLogoApi))
#4 C:\xampp\htdocs\PROJECT-SPORTSPACE\sportspace\sportspace\vendor\codeigniter4\framework\system\CodeIgniter.php(354): CodeIgniter\CodeIgniter->handleRequest(NULL, Object(Config\Cache), false)
#5 C:\xampp\htdocs\PROJECT-SPORTSPACE\sportspace\sportspace\vendor\codeigniter4\framework\system\Boot.php(363): CodeIgniter\CodeIgniter->run()
#6 C:\xampp\htdocs\PROJECT-SPORTSPACE\sportspace\sportspace\vendor\codeigniter4\framework\system\Boot.php(68): CodeIgniter\Boot::runCodeIgniter(Object(CodeIgniter\CodeIgniter))
#7 C:\xampp\htdocs\PROJECT-SPORTSPACE\sportspace\sportspace\public\index.php(59): CodeIgniter\Boot::bootWeb(Object(Config\Paths))
#8 C:\xampp\htdocs\PROJECT-SPORTSPACE\sportspace\sportspace\vendor\codeigniter4\framework\system\rewrite.php(44): require_once('C:\\xampp\\htdocs...')
#9 {main}
[Method: GET, Route: api/partner-logo/dynamix]
in SYSTEMPATH\Format\JSONFormatter.php on line 47.
 1 [internal function]: CodeIgniter\Debug\Exceptions->shutdownHandler()
CRITICAL - 2026-07-07 13:25:03 --> ValueError: Path cannot be empty
[Method: GET, Route: api/partner-logo/dynamix]
in APPPATH\Controllers\Api\PartnerLogoApi.php on line 63.
 1 APPPATH\Controllers\Api\PartnerLogoApi.php(63): file_get_contents('', false, resource (stream-context))
 2 APPPATH\Controllers\Api\PartnerLogoApi.php(28): App\Controllers\Api\PartnerLogoApi->fetchUrl('')
 3 SYSTEMPATH\CodeIgniter.php(933): App\Controllers\Api\PartnerLogoApi->serve('dynamix')
 4 SYSTEMPATH\CodeIgniter.php(507): CodeIgniter\CodeIgniter->runController(Object(App\Controllers\Api\PartnerLogoApi))
 5 SYSTEMPATH\CodeIgniter.php(354): CodeIgniter\CodeIgniter->handleRequest(null, Object(Config\Cache), false)
 6 SYSTEMPATH\Boot.php(363): CodeIgniter\CodeIgniter->run()
 7 SYSTEMPATH\Boot.php(68): CodeIgniter\Boot::runCodeIgniter(Object(CodeIgniter\CodeIgniter))
 8 FCPATH\index.php(59): CodeIgniter\Boot::bootWeb(Object(Config\Paths))
 9 SYSTEMPATH\rewrite.php(44): require_once('C:\\xampp\\htdocs\\PROJECT-SPORTSPACE\\sportspace\\sportspace\\public\\index.php')
CRITICAL - 2026-07-07 13:25:03 --> ErrorException: Uncaught CodeIgniter\Format\Exceptions\FormatException: Failed to parse JSON string. Error: Type is not supported in C:\xampp\htdocs\PROJECT-SPORTSPACE\sportspace\sportspace\vendor\codeigniter4\framework\system\Format\JSONFormatter.php:47
Stack trace:
#0 C:\xampp\htdocs\PROJECT-SPORTSPACE\sportspace\sportspace\vendor\codeigniter4\framework\system\Format\JSONFormatter.php(47): CodeIgniter\Format\Exceptions\FormatException::forInvalidJSON('Type is not sup...')
#1 C:\xampp\htdocs\PROJECT-SPORTSPACE\sportspace\sportspace\vendor\codeigniter4\framework\system\API\ResponseTrait.php(347): CodeIgniter\Format\JSONFormatter->format(Array)
#2 C:\xampp\htdocs\PROJECT-SPORTSPACE\sportspace\sportspace\vendor\codeigniter4\framework\system\API\ResponseTrait.php(106): CodeIgniter\Debug\ExceptionHandler->format(Array)
#3 C:\xampp\htdocs\PROJECT-SPORTSPACE\sportspace\sportspace\vendor\codeigniter4\framework\system\Debug\ExceptionHandler.php(85): CodeIgniter\Debug\ExceptionHandler->respond(Array, 500)
#4 C:\xampp\htdocs\PROJECT-SPORTSPACE\sportspace\sportspace\vendor\codeigniter4\framework\system\Debug\Exceptions.php(162): CodeIgniter\Debug\ExceptionHandler->handle(Object(ValueError), Object(CodeIgniter\HTTP\IncomingRequest), Object(CodeIgniter\HTTP\Response), 500, 1)
#5 [internal function]: CodeIgniter\Debug\Exceptions->exceptionHandler(Object(ValueError))
#6 {main}
  thrown
【Previous Exception】
ValueError
Path cannot be empty
#0 C:\xampp\htdocs\PROJECT-SPORTSPACE\sportspace\sportspace\app\Controllers\Api\PartnerLogoApi.php(63): file_get_contents('', false, Resource id #9)
#1 C:\xampp\htdocs\PROJECT-SPORTSPACE\sportspace\sportspace\app\Controllers\Api\PartnerLogoApi.php(28): App\Controllers\Api\PartnerLogoApi->fetchUrl('')
#2 C:\xampp\htdocs\PROJECT-SPORTSPACE\sportspace\sportspace\vendor\codeigniter4\framework\system\CodeIgniter.php(933): App\Controllers\Api\PartnerLogoApi->serve('dynamix')
#3 C:\xampp\htdocs\PROJECT-SPORTSPACE\sportspace\sportspace\vendor\codeigniter4\framework\system\CodeIgniter.php(507): CodeIgniter\CodeIgniter->runController(Object(App\Controllers\Api\PartnerLogoApi))
#4 C:\xampp\htdocs\PROJECT-SPORTSPACE\sportspace\sportspace\vendor\codeigniter4\framework\system\CodeIgniter.php(354): CodeIgniter\CodeIgniter->handleRequest(NULL, Object(Config\Cache), false)
#5 C:\xampp\htdocs\PROJECT-SPORTSPACE\sportspace\sportspace\vendor\codeigniter4\framework\system\Boot.php(363): CodeIgniter\CodeIgniter->run()
#6 C:\xampp\htdocs\PROJECT-SPORTSPACE\sportspace\sportspace\vendor\codeigniter4\framework\system\Boot.php(68): CodeIgniter\Boot::runCodeIgniter(Object(CodeIgniter\CodeIgniter))
#7 C:\xampp\htdocs\PROJECT-SPORTSPACE\sportspace\sportspace\public\index.php(59): CodeIgniter\Boot::bootWeb(Object(Config\Paths))
#8 C:\xampp\htdocs\PROJECT-SPORTSPACE\sportspace\sportspace\vendor\codeigniter4\framework\system\rewrite.php(44): require_once('C:\\xampp\\htdocs...')
#9 {main}
[Method: GET, Route: api/partner-logo/dynamix]
in SYSTEMPATH\Format\JSONFormatter.php on line 47.
 1 [internal function]: CodeIgniter\Debug\Exceptions->shutdownHandler()
DEBUG - 2026-07-07 13:25:29 --> Session: Class initialized using 'CodeIgniter\Session\Handlers\FileHandler' driver.
DEBUG - 2026-07-07 13:25:37 --> Session: Class initialized using 'CodeIgniter\Session\Handlers\FileHandler' driver.
CRITICAL - 2026-07-07 13:28:28 --> ValueError: Path cannot be empty
[Method: GET, Route: api/partner-logo/dynamix]
in APPPATH\Controllers\Api\PartnerLogoApi.php on line 63.
 1 APPPATH\Controllers\Api\PartnerLogoApi.php(63): file_get_contents('', false, resource (stream-context))
 2 APPPATH\Controllers\Api\PartnerLogoApi.php(28): App\Controllers\Api\PartnerLogoApi->fetchUrl('')
 3 SYSTEMPATH\CodeIgniter.php(933): App\Controllers\Api\PartnerLogoApi->serve('dynamix')
 4 SYSTEMPATH\CodeIgniter.php(507): CodeIgniter\CodeIgniter->runController(Object(App\Controllers\Api\PartnerLogoApi))
 5 SYSTEMPATH\CodeIgniter.php(354): CodeIgniter\CodeIgniter->handleRequest(null, Object(Config\Cache), false)
 6 SYSTEMPATH\Boot.php(363): CodeIgniter\CodeIgniter->run()
 7 SYSTEMPATH\Boot.php(68): CodeIgniter\Boot::runCodeIgniter(Object(CodeIgniter\CodeIgniter))
 8 FCPATH\index.php(59): CodeIgniter\Boot::bootWeb(Object(Config\Paths))
 9 SYSTEMPATH\rewrite.php(44): require_once('C:\\xampp\\htdocs\\PROJECT-SPORTSPACE\\sportspace\\sportspace\\public\\index.php')
CRITICAL - 2026-07-07 13:28:28 --> ErrorException: Uncaught CodeIgniter\Format\Exceptions\FormatException: Failed to parse JSON string. Error: Type is not supported in C:\xampp\htdocs\PROJECT-SPORTSPACE\sportspace\sportspace\vendor\codeigniter4\framework\system\Format\JSONFormatter.php:47
Stack trace:
#0 C:\xampp\htdocs\PROJECT-SPORTSPACE\sportspace\sportspace\vendor\codeigniter4\framework\system\Format\JSONFormatter.php(47): CodeIgniter\Format\Exceptions\FormatException::forInvalidJSON('Type is not sup...')
#1 C:\xampp\htdocs\PROJECT-SPORTSPACE\sportspace\sportspace\vendor\codeigniter4\framework\system\API\ResponseTrait.php(347): CodeIgniter\Format\JSONFormatter->format(Array)
#2 C:\xampp\htdocs\PROJECT-SPORTSPACE\sportspace\sportspace\vendor\codeigniter4\framework\system\API\ResponseTrait.php(106): CodeIgniter\Debug\ExceptionHandler->format(Array)
#3 C:\xampp\htdocs\PROJECT-SPORTSPACE\sportspace\sportspace\vendor\codeigniter4\framework\system\Debug\ExceptionHandler.php(85): CodeIgniter\Debug\ExceptionHandler->respond(Array, 500)
#4 C:\xampp\htdocs\PROJECT-SPORTSPACE\sportspace\sportspace\vendor\codeigniter4\framework\system\Debug\Exceptions.php(162): CodeIgniter\Debug\ExceptionHandler->handle(Object(ValueError), Object(CodeIgniter\HTTP\IncomingRequest), Object(CodeIgniter\HTTP\Response), 500, 1)
#5 [internal function]: CodeIgniter\Debug\Exceptions->exceptionHandler(Object(ValueError))
#6 {main}
  thrown
【Previous Exception】
ValueError
Path cannot be empty
#0 C:\xampp\htdocs\PROJECT-SPORTSPACE\sportspace\sportspace\app\Controllers\Api\PartnerLogoApi.php(63): file_get_contents('', false, Resource id #9)
#1 C:\xampp\htdocs\PROJECT-SPORTSPACE\sportspace\sportspace\app\Controllers\Api\PartnerLogoApi.php(28): App\Controllers\Api\PartnerLogoApi->fetchUrl('')
#2 C:\xampp\htdocs\PROJECT-SPORTSPACE\sportspace\sportspace\vendor\codeigniter4\framework\system\CodeIgniter.php(933): App\Controllers\Api\PartnerLogoApi->serve('dynamix')
#3 C:\xampp\htdocs\PROJECT-SPORTSPACE\sportspace\sportspace\vendor\codeigniter4\framework\system\CodeIgniter.php(507): CodeIgniter\CodeIgniter->runController(Object(App\Controllers\Api\PartnerLogoApi))
#4 C:\xampp\htdocs\PROJECT-SPORTSPACE\sportspace\sportspace\vendor\codeigniter4\framework\system\CodeIgniter.php(354): CodeIgniter\CodeIgniter->handleRequest(NULL, Object(Config\Cache), false)
#5 C:\xampp\htdocs\PROJECT-SPORTSPACE\sportspace\sportspace\vendor\codeigniter4\framework\system\Boot.php(363): CodeIgniter\CodeIgniter->run()
#6 C:\xampp\htdocs\PROJECT-SPORTSPACE\sportspace\sportspace\vendor\codeigniter4\framework\system\Boot.php(68): CodeIgniter\Boot::runCodeIgniter(Object(CodeIgniter\CodeIgniter))
#7 C:\xampp\htdocs\PROJECT-SPORTSPACE\sportspace\sportspace\public\index.php(59): CodeIgniter\Boot::bootWeb(Object(Config\Paths))
#8 C:\xampp\htdocs\PROJECT-SPORTSPACE\sportspace\sportspace\vendor\codeigniter4\framework\system\rewrite.php(44): require_once('C:\\xampp\\htdocs...')
#9 {main}
[Method: GET, Route: api/partner-logo/dynamix]
in SYSTEMPATH\Format\JSONFormatter.php on line 47.
 1 [internal function]: CodeIgniter\Debug\Exceptions->shutdownHandler()
CRITICAL - 2026-07-07 13:32:55 --> ValueError: Path cannot be empty
[Method: GET, Route: api/partner-logo/dynamix]
in APPPATH\Controllers\Api\PartnerLogoApi.php on line 63.
 1 APPPATH\Controllers\Api\PartnerLogoApi.php(63): file_get_contents('', false, resource (stream-context))
 2 APPPATH\Controllers\Api\PartnerLogoApi.php(28): App\Controllers\Api\PartnerLogoApi->fetchUrl('')
 3 SYSTEMPATH\CodeIgniter.php(933): App\Controllers\Api\PartnerLogoApi->serve('dynamix')
 4 SYSTEMPATH\CodeIgniter.php(507): CodeIgniter\CodeIgniter->runController(Object(App\Controllers\Api\PartnerLogoApi))
 5 SYSTEMPATH\CodeIgniter.php(354): CodeIgniter\CodeIgniter->handleRequest(null, Object(Config\Cache), false)
 6 SYSTEMPATH\Boot.php(363): CodeIgniter\CodeIgniter->run()
 7 SYSTEMPATH\Boot.php(68): CodeIgniter\Boot::runCodeIgniter(Object(CodeIgniter\CodeIgniter))
 8 FCPATH\index.php(59): CodeIgniter\Boot::bootWeb(Object(Config\Paths))
 9 SYSTEMPATH\rewrite.php(44): require_once('C:\\xampp\\htdocs\\PROJECT-SPORTSPACE\\sportspace\\sportspace\\public\\index.php')
CRITICAL - 2026-07-07 13:32:55 --> ErrorException: Uncaught CodeIgniter\Format\Exceptions\FormatException: Failed to parse JSON string. Error: Type is not supported in C:\xampp\htdocs\PROJECT-SPORTSPACE\sportspace\sportspace\vendor\codeigniter4\framework\system\Format\JSONFormatter.php:47
Stack trace:
#0 C:\xampp\htdocs\PROJECT-SPORTSPACE\sportspace\sportspace\vendor\codeigniter4\framework\system\Format\JSONFormatter.php(47): CodeIgniter\Format\Exceptions\FormatException::forInvalidJSON('Type is not sup...')
#1 C:\xampp\htdocs\PROJECT-SPORTSPACE\sportspace\sportspace\vendor\codeigniter4\framework\system\API\ResponseTrait.php(347): CodeIgniter\Format\JSONFormatter->format(Array)
#2 C:\xampp\htdocs\PROJECT-SPORTSPACE\sportspace\sportspace\vendor\codeigniter4\framework\system\API\ResponseTrait.php(106): CodeIgniter\Debug\ExceptionHandler->format(Array)
#3 C:\xampp\htdocs\PROJECT-SPORTSPACE\sportspace\sportspace\vendor\codeigniter4\framework\system\Debug\ExceptionHandler.php(85): CodeIgniter\Debug\ExceptionHandler->respond(Array, 500)
#4 C:\xampp\htdocs\PROJECT-SPORTSPACE\sportspace\sportspace\vendor\codeigniter4\framework\system\Debug\Exceptions.php(162): CodeIgniter\Debug\ExceptionHandler->handle(Object(ValueError), Object(CodeIgniter\HTTP\IncomingRequest), Object(CodeIgniter\HTTP\Response), 500, 1)
#5 [internal function]: CodeIgniter\Debug\Exceptions->exceptionHandler(Object(ValueError))
#6 {main}
  thrown
【Previous Exception】
ValueError
Path cannot be empty
#0 C:\xampp\htdocs\PROJECT-SPORTSPACE\sportspace\sportspace\app\Controllers\Api\PartnerLogoApi.php(63): file_get_contents('', false, Resource id #9)
#1 C:\xampp\htdocs\PROJECT-SPORTSPACE\sportspace\sportspace\app\Controllers\Api\PartnerLogoApi.php(28): App\Controllers\Api\PartnerLogoApi->fetchUrl('')
#2 C:\xampp\htdocs\PROJECT-SPORTSPACE\sportspace\sportspace\vendor\codeigniter4\framework\system\CodeIgniter.php(933): App\Controllers\Api\PartnerLogoApi->serve('dynamix')
#3 C:\xampp\htdocs\PROJECT-SPORTSPACE\sportspace\sportspace\vendor\codeigniter4\framework\system\CodeIgniter.php(507): CodeIgniter\CodeIgniter->runController(Object(App\Controllers\Api\PartnerLogoApi))
#4 C:\xampp\htdocs\PROJECT-SPORTSPACE\sportspace\sportspace\vendor\codeigniter4\framework\system\CodeIgniter.php(354): CodeIgniter\CodeIgniter->handleRequest(NULL, Object(Config\Cache), false)
#5 C:\xampp\htdocs\PROJECT-SPORTSPACE\sportspace\sportspace\vendor\codeigniter4\framework\system\Boot.php(363): CodeIgniter\CodeIgniter->run()
#6 C:\xampp\htdocs\PROJECT-SPORTSPACE\sportspace\sportspace\vendor\codeigniter4\framework\system\Boot.php(68): CodeIgniter\Boot::runCodeIgniter(Object(CodeIgniter\CodeIgniter))
#7 C:\xampp\htdocs\PROJECT-SPORTSPACE\sportspace\sportspace\public\index.php(59): CodeIgniter\Boot::bootWeb(Object(Config\Paths))
#8 C:\xampp\htdocs\PROJECT-SPORTSPACE\sportspace\sportspace\vendor\codeigniter4\framework\system\rewrite.php(44): require_once('C:\\xampp\\htdocs...')
#9 {main}
[Method: GET, Route: api/partner-logo/dynamix]
in SYSTEMPATH\Format\JSONFormatter.php on line 47.
 1 [internal function]: CodeIgniter\Debug\Exceptions->shutdownHandler()
CRITICAL - 2026-07-07 13:41:41 --> ValueError: Path cannot be empty
[Method: GET, Route: api/partner-logo/dynamix]
in APPPATH\Controllers\Api\PartnerLogoApi.php on line 63.
 1 APPPATH\Controllers\Api\PartnerLogoApi.php(63): file_get_contents('', false, resource (stream-context))
 2 APPPATH\Controllers\Api\PartnerLogoApi.php(28): App\Controllers\Api\PartnerLogoApi->fetchUrl('')
 3 SYSTEMPATH\CodeIgniter.php(933): App\Controllers\Api\PartnerLogoApi->serve('dynamix')
 4 SYSTEMPATH\CodeIgniter.php(507): CodeIgniter\CodeIgniter->runController(Object(App\Controllers\Api\PartnerLogoApi))
 5 SYSTEMPATH\CodeIgniter.php(354): CodeIgniter\CodeIgniter->handleRequest(null, Object(Config\Cache), false)
 6 SYSTEMPATH\Boot.php(363): CodeIgniter\CodeIgniter->run()
 7 SYSTEMPATH\Boot.php(68): CodeIgniter\Boot::runCodeIgniter(Object(CodeIgniter\CodeIgniter))
 8 FCPATH\index.php(59): CodeIgniter\Boot::bootWeb(Object(Config\Paths))
 9 SYSTEMPATH\rewrite.php(44): require_once('C:\\xampp\\htdocs\\PROJECT-SPORTSPACE\\sportspace\\sportspace\\public\\index.php')
CRITICAL - 2026-07-07 13:41:41 --> ErrorException: Uncaught CodeIgniter\Format\Exceptions\FormatException: Failed to parse JSON string. Error: Type is not supported in C:\xampp\htdocs\PROJECT-SPORTSPACE\sportspace\sportspace\vendor\codeigniter4\framework\system\Format\JSONFormatter.php:47
Stack trace:
#0 C:\xampp\htdocs\PROJECT-SPORTSPACE\sportspace\sportspace\vendor\codeigniter4\framework\system\Format\JSONFormatter.php(47): CodeIgniter\Format\Exceptions\FormatException::forInvalidJSON('Type is not sup...')
#1 C:\xampp\htdocs\PROJECT-SPORTSPACE\sportspace\sportspace\vendor\codeigniter4\framework\system\API\ResponseTrait.php(347): CodeIgniter\Format\JSONFormatter->format(Array)
#2 C:\xampp\htdocs\PROJECT-SPORTSPACE\sportspace\sportspace\vendor\codeigniter4\framework\system\API\ResponseTrait.php(106): CodeIgniter\Debug\ExceptionHandler->format(Array)
#3 C:\xampp\htdocs\PROJECT-SPORTSPACE\sportspace\sportspace\vendor\codeigniter4\framework\system\Debug\ExceptionHandler.php(85): CodeIgniter\Debug\ExceptionHandler->respond(Array, 500)
#4 C:\xampp\htdocs\PROJECT-SPORTSPACE\sportspace\sportspace\vendor\codeigniter4\framework\system\Debug\Exceptions.php(162): CodeIgniter\Debug\ExceptionHandler->handle(Object(ValueError), Object(CodeIgniter\HTTP\IncomingRequest), Object(CodeIgniter\HTTP\Response), 500, 1)
#5 [internal function]: CodeIgniter\Debug\Exceptions->exceptionHandler(Object(ValueError))
#6 {main}
  thrown
【Previous Exception】
ValueError
Path cannot be empty
#0 C:\xampp\htdocs\PROJECT-SPORTSPACE\sportspace\sportspace\app\Controllers\Api\PartnerLogoApi.php(63): file_get_contents('', false, Resource id #9)
#1 C:\xampp\htdocs\PROJECT-SPORTSPACE\sportspace\sportspace\app\Controllers\Api\PartnerLogoApi.php(28): App\Controllers\Api\PartnerLogoApi->fetchUrl('')
#2 C:\xampp\htdocs\PROJECT-SPORTSPACE\sportspace\sportspace\vendor\codeigniter4\framework\system\CodeIgniter.php(933): App\Controllers\Api\PartnerLogoApi->serve('dynamix')
#3 C:\xampp\htdocs\PROJECT-SPORTSPACE\sportspace\sportspace\vendor\codeigniter4\framework\system\CodeIgniter.php(507): CodeIgniter\CodeIgniter->runController(Object(App\Controllers\Api\PartnerLogoApi))
#4 C:\xampp\htdocs\PROJECT-SPORTSPACE\sportspace\sportspace\vendor\codeigniter4\framework\system\CodeIgniter.php(354): CodeIgniter\CodeIgniter->handleRequest(NULL, Object(Config\Cache), false)
#5 C:\xampp\htdocs\PROJECT-SPORTSPACE\sportspace\sportspace\vendor\codeigniter4\framework\system\Boot.php(363): CodeIgniter\CodeIgniter->run()
#6 C:\xampp\htdocs\PROJECT-SPORTSPACE\sportspace\sportspace\vendor\codeigniter4\framework\system\Boot.php(68): CodeIgniter\Boot::runCodeIgniter(Object(CodeIgniter\CodeIgniter))
#7 C:\xampp\htdocs\PROJECT-SPORTSPACE\sportspace\sportspace\public\index.php(59): CodeIgniter\Boot::bootWeb(Object(Config\Paths))
#8 C:\xampp\htdocs\PROJECT-SPORTSPACE\sportspace\sportspace\vendor\codeigniter4\framework\system\rewrite.php(44): require_once('C:\\xampp\\htdocs...')
#9 {main}
[Method: GET, Route: api/partner-logo/dynamix]
in SYSTEMPATH\Format\JSONFormatter.php on line 47.
 1 [internal function]: CodeIgniter\Debug\Exceptions->shutdownHandler()
CRITICAL - 2026-07-07 13:46:19 --> ValueError: Path cannot be empty
[Method: GET, Route: api/partner-logo/dynamix]
in APPPATH\Controllers\Api\PartnerLogoApi.php on line 63.
 1 APPPATH\Controllers\Api\PartnerLogoApi.php(63): file_get_contents('', false, resource (stream-context))
 2 APPPATH\Controllers\Api\PartnerLogoApi.php(28): App\Controllers\Api\PartnerLogoApi->fetchUrl('')
 3 SYSTEMPATH\CodeIgniter.php(933): App\Controllers\Api\PartnerLogoApi->serve('dynamix')
 4 SYSTEMPATH\CodeIgniter.php(507): CodeIgniter\CodeIgniter->runController(Object(App\Controllers\Api\PartnerLogoApi))
 5 SYSTEMPATH\CodeIgniter.php(354): CodeIgniter\CodeIgniter->handleRequest(null, Object(Config\Cache), false)
 6 SYSTEMPATH\Boot.php(363): CodeIgniter\CodeIgniter->run()
 7 SYSTEMPATH\Boot.php(68): CodeIgniter\Boot::runCodeIgniter(Object(CodeIgniter\CodeIgniter))
 8 FCPATH\index.php(59): CodeIgniter\Boot::bootWeb(Object(Config\Paths))
 9 SYSTEMPATH\rewrite.php(44): require_once('C:\\xampp\\htdocs\\PROJECT-SPORTSPACE\\sportspace\\sportspace\\public\\index.php')
CRITICAL - 2026-07-07 13:46:19 --> ErrorException: Uncaught CodeIgniter\Format\Exceptions\FormatException: Failed to parse JSON string. Error: Type is not supported in C:\xampp\htdocs\PROJECT-SPORTSPACE\sportspace\sportspace\vendor\codeigniter4\framework\system\Format\JSONFormatter.php:47
Stack trace:
#0 C:\xampp\htdocs\PROJECT-SPORTSPACE\sportspace\sportspace\vendor\codeigniter4\framework\system\Format\JSONFormatter.php(47): CodeIgniter\Format\Exceptions\FormatException::forInvalidJSON('Type is not sup...')
#1 C:\xampp\htdocs\PROJECT-SPORTSPACE\sportspace\sportspace\vendor\codeigniter4\framework\system\API\ResponseTrait.php(347): CodeIgniter\Format\JSONFormatter->format(Array)
#2 C:\xampp\htdocs\PROJECT-SPORTSPACE\sportspace\sportspace\vendor\codeigniter4\framework\system\API\ResponseTrait.php(106): CodeIgniter\Debug\ExceptionHandler->format(Array)
#3 C:\xampp\htdocs\PROJECT-SPORTSPACE\sportspace\sportspace\vendor\codeigniter4\framework\system\Debug\ExceptionHandler.php(85): CodeIgniter\Debug\ExceptionHandler->respond(Array, 500)
#4 C:\xampp\htdocs\PROJECT-SPORTSPACE\sportspace\sportspace\vendor\codeigniter4\framework\system\Debug\Exceptions.php(162): CodeIgniter\Debug\ExceptionHandler->handle(Object(ValueError), Object(CodeIgniter\HTTP\IncomingRequest), Object(CodeIgniter\HTTP\Response), 500, 1)
#5 [internal function]: CodeIgniter\Debug\Exceptions->exceptionHandler(Object(ValueError))
#6 {main}
  thrown
【Previous Exception】
ValueError
Path cannot be empty
#0 C:\xampp\htdocs\PROJECT-SPORTSPACE\sportspace\sportspace\app\Controllers\Api\PartnerLogoApi.php(63): file_get_contents('', false, Resource id #9)
#1 C:\xampp\htdocs\PROJECT-SPORTSPACE\sportspace\sportspace\app\Controllers\Api\PartnerLogoApi.php(28): App\Controllers\Api\PartnerLogoApi->fetchUrl('')
#2 C:\xampp\htdocs\PROJECT-SPORTSPACE\sportspace\sportspace\vendor\codeigniter4\framework\system\CodeIgniter.php(933): App\Controllers\Api\PartnerLogoApi->serve('dynamix')
#3 C:\xampp\htdocs\PROJECT-SPORTSPACE\sportspace\sportspace\vendor\codeigniter4\framework\system\CodeIgniter.php(507): CodeIgniter\CodeIgniter->runController(Object(App\Controllers\Api\PartnerLogoApi))
#4 C:\xampp\htdocs\PROJECT-SPORTSPACE\sportspace\sportspace\vendor\codeigniter4\framework\system\CodeIgniter.php(354): CodeIgniter\CodeIgniter->handleRequest(NULL, Object(Config\Cache), false)
#5 C:\xampp\htdocs\PROJECT-SPORTSPACE\sportspace\sportspace\vendor\codeigniter4\framework\system\Boot.php(363): CodeIgniter\CodeIgniter->run()
#6 C:\xampp\htdocs\PROJECT-SPORTSPACE\sportspace\sportspace\vendor\codeigniter4\framework\system\Boot.php(68): CodeIgniter\Boot::runCodeIgniter(Object(CodeIgniter\CodeIgniter))
#7 C:\xampp\htdocs\PROJECT-SPORTSPACE\sportspace\sportspace\public\index.php(59): CodeIgniter\Boot::bootWeb(Object(Config\Paths))
#8 C:\xampp\htdocs\PROJECT-SPORTSPACE\sportspace\sportspace\vendor\codeigniter4\framework\system\rewrite.php(44): require_once('C:\\xampp\\htdocs...')
#9 {main}
[Method: GET, Route: api/partner-logo/dynamix]
in SYSTEMPATH\Format\JSONFormatter.php on line 47.
 1 [internal function]: CodeIgniter\Debug\Exceptions->shutdownHandler()
WARNING - 2026-07-07 13:46:23 --> [DEPRECATED] Creation of dynamic property CodeIgniter\HTTP\IncomingRequest::$user is deprecated in APPPATH\Filters\JwtAuth.php on line 29.
 1 SYSTEMPATH\Filters\Filters.php(241): App\Filters\JwtAuth->before(Object(CodeIgniter\HTTP\IncomingRequest), null)
 2 SYSTEMPATH\Filters\Filters.php(221): CodeIgniter\Filters\Filters->runBefore([...])
 3 SYSTEMPATH\CodeIgniter.php(479): CodeIgniter\Filters\Filters->run('api/booking', 'before')
 4 SYSTEMPATH\CodeIgniter.php(354): CodeIgniter\CodeIgniter->handleRequest(null, Object(Config\Cache), false)
 5 SYSTEMPATH\Boot.php(363): CodeIgniter\CodeIgniter->run()
 6 SYSTEMPATH\Boot.php(68): CodeIgniter\Boot::runCodeIgniter(Object(CodeIgniter\CodeIgniter))
 7 FCPATH\index.php(59): CodeIgniter\Boot::bootWeb(Object(Config\Paths))
 8 SYSTEMPATH\rewrite.php(44): require_once('C:\\xampp\\htdocs\\PROJECT-SPORTSPACE\\sportspace\\sportspace\\public\\index.php')
WARNING - 2026-07-07 13:46:25 --> [DEPRECATED] Creation of dynamic property CodeIgniter\HTTP\IncomingRequest::$user is deprecated in APPPATH\Filters\JwtAuth.php on line 29.
 1 SYSTEMPATH\Filters\Filters.php(241): App\Filters\JwtAuth->before(Object(CodeIgniter\HTTP\IncomingRequest), null)
 2 SYSTEMPATH\Filters\Filters.php(221): CodeIgniter\Filters\Filters->runBefore([...])
 3 SYSTEMPATH\CodeIgniter.php(479): CodeIgniter\Filters\Filters->run('api/booking', 'before')
 4 SYSTEMPATH\CodeIgniter.php(354): CodeIgniter\CodeIgniter->handleRequest(null, Object(Config\Cache), false)
 5 SYSTEMPATH\Boot.php(363): CodeIgniter\CodeIgniter->run()
 6 SYSTEMPATH\Boot.php(68): CodeIgniter\Boot::runCodeIgniter(Object(CodeIgniter\CodeIgniter))
 7 FCPATH\index.php(59): CodeIgniter\Boot::bootWeb(Object(Config\Paths))
 8 SYSTEMPATH\rewrite.php(44): require_once('C:\\xampp\\htdocs\\PROJECT-SPORTSPACE\\sportspace\\sportspace\\public\\index.php')
CRITICAL - 2026-07-07 13:49:58 --> ValueError: Path cannot be empty
[Method: GET, Route: api/partner-logo/dynamix]
in APPPATH\Controllers\Api\PartnerLogoApi.php on line 63.
 1 APPPATH\Controllers\Api\PartnerLogoApi.php(63): file_get_contents('', false, resource (stream-context))
 2 APPPATH\Controllers\Api\PartnerLogoApi.php(28): App\Controllers\Api\PartnerLogoApi->fetchUrl('')
 3 SYSTEMPATH\CodeIgniter.php(933): App\Controllers\Api\PartnerLogoApi->serve('dynamix')
 4 SYSTEMPATH\CodeIgniter.php(507): CodeIgniter\CodeIgniter->runController(Object(App\Controllers\Api\PartnerLogoApi))
 5 SYSTEMPATH\CodeIgniter.php(354): CodeIgniter\CodeIgniter->handleRequest(null, Object(Config\Cache), false)
 6 SYSTEMPATH\Boot.php(363): CodeIgniter\CodeIgniter->run()
 7 SYSTEMPATH\Boot.php(68): CodeIgniter\Boot::runCodeIgniter(Object(CodeIgniter\CodeIgniter))
 8 FCPATH\index.php(59): CodeIgniter\Boot::bootWeb(Object(Config\Paths))
 9 SYSTEMPATH\rewrite.php(44): require_once('C:\\xampp\\htdocs\\PROJECT-SPORTSPACE\\sportspace\\sportspace\\public\\index.php')
CRITICAL - 2026-07-07 13:49:58 --> ErrorException: Uncaught CodeIgniter\Format\Exceptions\FormatException: Failed to parse JSON string. Error: Type is not supported in C:\xampp\htdocs\PROJECT-SPORTSPACE\sportspace\sportspace\vendor\codeigniter4\framework\system\Format\JSONFormatter.php:47
Stack trace:
#0 C:\xampp\htdocs\PROJECT-SPORTSPACE\sportspace\sportspace\vendor\codeigniter4\framework\system\Format\JSONFormatter.php(47): CodeIgniter\Format\Exceptions\FormatException::forInvalidJSON('Type is not sup...')
#1 C:\xampp\htdocs\PROJECT-SPORTSPACE\sportspace\sportspace\vendor\codeigniter4\framework\system\API\ResponseTrait.php(347): CodeIgniter\Format\JSONFormatter->format(Array)
#2 C:\xampp\htdocs\PROJECT-SPORTSPACE\sportspace\sportspace\vendor\codeigniter4\framework\system\API\ResponseTrait.php(106): CodeIgniter\Debug\ExceptionHandler->format(Array)
#3 C:\xampp\htdocs\PROJECT-SPORTSPACE\sportspace\sportspace\vendor\codeigniter4\framework\system\Debug\ExceptionHandler.php(85): CodeIgniter\Debug\ExceptionHandler->respond(Array, 500)
#4 C:\xampp\htdocs\PROJECT-SPORTSPACE\sportspace\sportspace\vendor\codeigniter4\framework\system\Debug\Exceptions.php(162): CodeIgniter\Debug\ExceptionHandler->handle(Object(ValueError), Object(CodeIgniter\HTTP\IncomingRequest), Object(CodeIgniter\HTTP\Response), 500, 1)
#5 [internal function]: CodeIgniter\Debug\Exceptions->exceptionHandler(Object(ValueError))
#6 {main}
  thrown
【Previous Exception】
ValueError
Path cannot be empty
#0 C:\xampp\htdocs\PROJECT-SPORTSPACE\sportspace\sportspace\app\Controllers\Api\PartnerLogoApi.php(63): file_get_contents('', false, Resource id #9)
#1 C:\xampp\htdocs\PROJECT-SPORTSPACE\sportspace\sportspace\app\Controllers\Api\PartnerLogoApi.php(28): App\Controllers\Api\PartnerLogoApi->fetchUrl('')
#2 C:\xampp\htdocs\PROJECT-SPORTSPACE\sportspace\sportspace\vendor\codeigniter4\framework\system\CodeIgniter.php(933): App\Controllers\Api\PartnerLogoApi->serve('dynamix')
#3 C:\xampp\htdocs\PROJECT-SPORTSPACE\sportspace\sportspace\vendor\codeigniter4\framework\system\CodeIgniter.php(507): CodeIgniter\CodeIgniter->runController(Object(App\Controllers\Api\PartnerLogoApi))
#4 C:\xampp\htdocs\PROJECT-SPORTSPACE\sportspace\sportspace\vendor\codeigniter4\framework\system\CodeIgniter.php(354): CodeIgniter\CodeIgniter->handleRequest(NULL, Object(Config\Cache), false)
#5 C:\xampp\htdocs\PROJECT-SPORTSPACE\sportspace\sportspace\vendor\codeigniter4\framework\system\Boot.php(363): CodeIgniter\CodeIgniter->run()
#6 C:\xampp\htdocs\PROJECT-SPORTSPACE\sportspace\sportspace\vendor\codeigniter4\framework\system\Boot.php(68): CodeIgniter\Boot::runCodeIgniter(Object(CodeIgniter\CodeIgniter))
#7 C:\xampp\htdocs\PROJECT-SPORTSPACE\sportspace\sportspace\public\index.php(59): CodeIgniter\Boot::bootWeb(Object(Config\Paths))
#8 C:\xampp\htdocs\PROJECT-SPORTSPACE\sportspace\sportspace\vendor\codeigniter4\framework\system\rewrite.php(44): require_once('C:\\xampp\\htdocs...')
#9 {main}
[Method: GET, Route: api/partner-logo/dynamix]
in SYSTEMPATH\Format\JSONFormatter.php on line 47.
 1 [internal function]: CodeIgniter\Debug\Exceptions->shutdownHandler()
WARNING - 2026-07-07 13:50:02 --> [DEPRECATED] Creation of dynamic property CodeIgniter\HTTP\IncomingRequest::$user is deprecated in APPPATH\Filters\JwtAuth.php on line 29.
 1 SYSTEMPATH\Filters\Filters.php(241): App\Filters\JwtAuth->before(Object(CodeIgniter\HTTP\IncomingRequest), null)
 2 SYSTEMPATH\Filters\Filters.php(221): CodeIgniter\Filters\Filters->runBefore([...])
 3 SYSTEMPATH\CodeIgniter.php(479): CodeIgniter\Filters\Filters->run('api/booking', 'before')
 4 SYSTEMPATH\CodeIgniter.php(354): CodeIgniter\CodeIgniter->handleRequest(null, Object(Config\Cache), false)
 5 SYSTEMPATH\Boot.php(363): CodeIgniter\CodeIgniter->run()
 6 SYSTEMPATH\Boot.php(68): CodeIgniter\Boot::runCodeIgniter(Object(CodeIgniter\CodeIgniter))
 7 FCPATH\index.php(59): CodeIgniter\Boot::bootWeb(Object(Config\Paths))
 8 SYSTEMPATH\rewrite.php(44): require_once('C:\\xampp\\htdocs\\PROJECT-SPORTSPACE\\sportspace\\sportspace\\public\\index.php')
WARNING - 2026-07-07 13:50:04 --> [DEPRECATED] Creation of dynamic property CodeIgniter\HTTP\IncomingRequest::$user is deprecated in APPPATH\Filters\JwtAuth.php on line 29.
 1 SYSTEMPATH\Filters\Filters.php(241): App\Filters\JwtAuth->before(Object(CodeIgniter\HTTP\IncomingRequest), null)
 2 SYSTEMPATH\Filters\Filters.php(221): CodeIgniter\Filters\Filters->runBefore([...])
 3 SYSTEMPATH\CodeIgniter.php(479): CodeIgniter\Filters\Filters->run('api/booking', 'before')
 4 SYSTEMPATH\CodeIgniter.php(354): CodeIgniter\CodeIgniter->handleRequest(null, Object(Config\Cache), false)
 5 SYSTEMPATH\Boot.php(363): CodeIgniter\CodeIgniter->run()
 6 SYSTEMPATH\Boot.php(68): CodeIgniter\Boot::runCodeIgniter(Object(CodeIgniter\CodeIgniter))
 7 FCPATH\index.php(59): CodeIgniter\Boot::bootWeb(Object(Config\Paths))
 8 SYSTEMPATH\rewrite.php(44): require_once('C:\\xampp\\htdocs\\PROJECT-SPORTSPACE\\sportspace\\sportspace\\public\\index.php')
CRITICAL - 2026-07-07 13:52:11 --> ValueError: Path cannot be empty
[Method: GET, Route: api/partner-logo/dynamix]
in APPPATH\Controllers\Api\PartnerLogoApi.php on line 63.
 1 APPPATH\Controllers\Api\PartnerLogoApi.php(63): file_get_contents('', false, resource (stream-context))
 2 APPPATH\Controllers\Api\PartnerLogoApi.php(28): App\Controllers\Api\PartnerLogoApi->fetchUrl('')
 3 SYSTEMPATH\CodeIgniter.php(933): App\Controllers\Api\PartnerLogoApi->serve('dynamix')
 4 SYSTEMPATH\CodeIgniter.php(507): CodeIgniter\CodeIgniter->runController(Object(App\Controllers\Api\PartnerLogoApi))
 5 SYSTEMPATH\CodeIgniter.php(354): CodeIgniter\CodeIgniter->handleRequest(null, Object(Config\Cache), false)
 6 SYSTEMPATH\Boot.php(363): CodeIgniter\CodeIgniter->run()
 7 SYSTEMPATH\Boot.php(68): CodeIgniter\Boot::runCodeIgniter(Object(CodeIgniter\CodeIgniter))
 8 FCPATH\index.php(59): CodeIgniter\Boot::bootWeb(Object(Config\Paths))
 9 SYSTEMPATH\rewrite.php(44): require_once('C:\\xampp\\htdocs\\PROJECT-SPORTSPACE\\sportspace\\sportspace\\public\\index.php')
CRITICAL - 2026-07-07 13:52:11 --> ErrorException: Uncaught CodeIgniter\Format\Exceptions\FormatException: Failed to parse JSON string. Error: Type is not supported in C:\xampp\htdocs\PROJECT-SPORTSPACE\sportspace\sportspace\vendor\codeigniter4\framework\system\Format\JSONFormatter.php:47
Stack trace:
#0 C:\xampp\htdocs\PROJECT-SPORTSPACE\sportspace\sportspace\vendor\codeigniter4\framework\system\Format\JSONFormatter.php(47): CodeIgniter\Format\Exceptions\FormatException::forInvalidJSON('Type is not sup...')
#1 C:\xampp\htdocs\PROJECT-SPORTSPACE\sportspace\sportspace\vendor\codeigniter4\framework\system\API\ResponseTrait.php(347): CodeIgniter\Format\JSONFormatter->format(Array)
#2 C:\xampp\htdocs\PROJECT-SPORTSPACE\sportspace\sportspace\vendor\codeigniter4\framework\system\API\ResponseTrait.php(106): CodeIgniter\Debug\ExceptionHandler->format(Array)
#3 C:\xampp\htdocs\PROJECT-SPORTSPACE\sportspace\sportspace\vendor\codeigniter4\framework\system\Debug\ExceptionHandler.php(85): CodeIgniter\Debug\ExceptionHandler->respond(Array, 500)
#4 C:\xampp\htdocs\PROJECT-SPORTSPACE\sportspace\sportspace\vendor\codeigniter4\framework\system\Debug\Exceptions.php(162): CodeIgniter\Debug\ExceptionHandler->handle(Object(ValueError), Object(CodeIgniter\HTTP\IncomingRequest), Object(CodeIgniter\HTTP\Response), 500, 1)
#5 [internal function]: CodeIgniter\Debug\Exceptions->exceptionHandler(Object(ValueError))
#6 {main}
  thrown
【Previous Exception】
ValueError
Path cannot be empty
#0 C:\xampp\htdocs\PROJECT-SPORTSPACE\sportspace\sportspace\app\Controllers\Api\PartnerLogoApi.php(63): file_get_contents('', false, Resource id #9)
#1 C:\xampp\htdocs\PROJECT-SPORTSPACE\sportspace\sportspace\app\Controllers\Api\PartnerLogoApi.php(28): App\Controllers\Api\PartnerLogoApi->fetchUrl('')
#2 C:\xampp\htdocs\PROJECT-SPORTSPACE\sportspace\sportspace\vendor\codeigniter4\framework\system\CodeIgniter.php(933): App\Controllers\Api\PartnerLogoApi->serve('dynamix')
#3 C:\xampp\htdocs\PROJECT-SPORTSPACE\sportspace\sportspace\vendor\codeigniter4\framework\system\CodeIgniter.php(507): CodeIgniter\CodeIgniter->runController(Object(App\Controllers\Api\PartnerLogoApi))
#4 C:\xampp\htdocs\PROJECT-SPORTSPACE\sportspace\sportspace\vendor\codeigniter4\framework\system\CodeIgniter.php(354): CodeIgniter\CodeIgniter->handleRequest(NULL, Object(Config\Cache), false)
#5 C:\xampp\htdocs\PROJECT-SPORTSPACE\sportspace\sportspace\vendor\codeigniter4\framework\system\Boot.php(363): CodeIgniter\CodeIgniter->run()
#6 C:\xampp\htdocs\PROJECT-SPORTSPACE\sportspace\sportspace\vendor\codeigniter4\framework\system\Boot.php(68): CodeIgniter\Boot::runCodeIgniter(Object(CodeIgniter\CodeIgniter))
#7 C:\xampp\htdocs\PROJECT-SPORTSPACE\sportspace\sportspace\public\index.php(59): CodeIgniter\Boot::bootWeb(Object(Config\Paths))
#8 C:\xampp\htdocs\PROJECT-SPORTSPACE\sportspace\sportspace\vendor\codeigniter4\framework\system\rewrite.php(44): require_once('C:\\xampp\\htdocs...')
#9 {main}
[Method: GET, Route: api/partner-logo/dynamix]
in SYSTEMPATH\Format\JSONFormatter.php on line 47.
 1 [internal function]: CodeIgniter\Debug\Exceptions->shutdownHandler()
WARNING - 2026-07-07 13:52:15 --> [DEPRECATED] Creation of dynamic property CodeIgniter\HTTP\IncomingRequest::$user is deprecated in APPPATH\Filters\JwtAuth.php on line 29.
 1 SYSTEMPATH\Filters\Filters.php(241): App\Filters\JwtAuth->before(Object(CodeIgniter\HTTP\IncomingRequest), null)
 2 SYSTEMPATH\Filters\Filters.php(221): CodeIgniter\Filters\Filters->runBefore([...])
 3 SYSTEMPATH\CodeIgniter.php(479): CodeIgniter\Filters\Filters->run('api/booking', 'before')
 4 SYSTEMPATH\CodeIgniter.php(354): CodeIgniter\CodeIgniter->handleRequest(null, Object(Config\Cache), false)
 5 SYSTEMPATH\Boot.php(363): CodeIgniter\CodeIgniter->run()
 6 SYSTEMPATH\Boot.php(68): CodeIgniter\Boot::runCodeIgniter(Object(CodeIgniter\CodeIgniter))
 7 FCPATH\index.php(59): CodeIgniter\Boot::bootWeb(Object(Config\Paths))
 8 SYSTEMPATH\rewrite.php(44): require_once('C:\\xampp\\htdocs\\PROJECT-SPORTSPACE\\sportspace\\sportspace\\public\\index.php')
WARNING - 2026-07-07 13:52:17 --> [DEPRECATED] Creation of dynamic property CodeIgniter\HTTP\IncomingRequest::$user is deprecated in APPPATH\Filters\JwtAuth.php on line 29.
 1 SYSTEMPATH\Filters\Filters.php(241): App\Filters\JwtAuth->before(Object(CodeIgniter\HTTP\IncomingRequest), null)
 2 SYSTEMPATH\Filters\Filters.php(221): CodeIgniter\Filters\Filters->runBefore([...])
 3 SYSTEMPATH\CodeIgniter.php(479): CodeIgniter\Filters\Filters->run('api/booking', 'before')
 4 SYSTEMPATH\CodeIgniter.php(354): CodeIgniter\CodeIgniter->handleRequest(null, Object(Config\Cache), false)
 5 SYSTEMPATH\Boot.php(363): CodeIgniter\CodeIgniter->run()
 6 SYSTEMPATH\Boot.php(68): CodeIgniter\Boot::runCodeIgniter(Object(CodeIgniter\CodeIgniter))
 7 FCPATH\index.php(59): CodeIgniter\Boot::bootWeb(Object(Config\Paths))
 8 SYSTEMPATH\rewrite.php(44): require_once('C:\\xampp\\htdocs\\PROJECT-SPORTSPACE\\sportspace\\sportspace\\public\\index.php')
CRITICAL - 2026-07-07 13:56:41 --> ValueError: Path cannot be empty
[Method: GET, Route: api/partner-logo/dynamix]
in APPPATH\Controllers\Api\PartnerLogoApi.php on line 63.
 1 APPPATH\Controllers\Api\PartnerLogoApi.php(63): file_get_contents('', false, resource (stream-context))
 2 APPPATH\Controllers\Api\PartnerLogoApi.php(28): App\Controllers\Api\PartnerLogoApi->fetchUrl('')
 3 SYSTEMPATH\CodeIgniter.php(933): App\Controllers\Api\PartnerLogoApi->serve('dynamix')
 4 SYSTEMPATH\CodeIgniter.php(507): CodeIgniter\CodeIgniter->runController(Object(App\Controllers\Api\PartnerLogoApi))
 5 SYSTEMPATH\CodeIgniter.php(354): CodeIgniter\CodeIgniter->handleRequest(null, Object(Config\Cache), false)
 6 SYSTEMPATH\Boot.php(363): CodeIgniter\CodeIgniter->run()
 7 SYSTEMPATH\Boot.php(68): CodeIgniter\Boot::runCodeIgniter(Object(CodeIgniter\CodeIgniter))
 8 FCPATH\index.php(59): CodeIgniter\Boot::bootWeb(Object(Config\Paths))
 9 SYSTEMPATH\rewrite.php(44): require_once('C:\\xampp\\htdocs\\PROJECT-SPORTSPACE\\sportspace\\sportspace\\public\\index.php')
CRITICAL - 2026-07-07 13:56:41 --> ErrorException: Uncaught CodeIgniter\Format\Exceptions\FormatException: Failed to parse JSON string. Error: Type is not supported in C:\xampp\htdocs\PROJECT-SPORTSPACE\sportspace\sportspace\vendor\codeigniter4\framework\system\Format\JSONFormatter.php:47
Stack trace:
#0 C:\xampp\htdocs\PROJECT-SPORTSPACE\sportspace\sportspace\vendor\codeigniter4\framework\system\Format\JSONFormatter.php(47): CodeIgniter\Format\Exceptions\FormatException::forInvalidJSON('Type is not sup...')
#1 C:\xampp\htdocs\PROJECT-SPORTSPACE\sportspace\sportspace\vendor\codeigniter4\framework\system\API\ResponseTrait.php(347): CodeIgniter\Format\JSONFormatter->format(Array)
#2 C:\xampp\htdocs\PROJECT-SPORTSPACE\sportspace\sportspace\vendor\codeigniter4\framework\system\API\ResponseTrait.php(106): CodeIgniter\Debug\ExceptionHandler->format(Array)
#3 C:\xampp\htdocs\PROJECT-SPORTSPACE\sportspace\sportspace\vendor\codeigniter4\framework\system\Debug\ExceptionHandler.php(85): CodeIgniter\Debug\ExceptionHandler->respond(Array, 500)
#4 C:\xampp\htdocs\PROJECT-SPORTSPACE\sportspace\sportspace\vendor\codeigniter4\framework\system\Debug\Exceptions.php(162): CodeIgniter\Debug\ExceptionHandler->handle(Object(ValueError), Object(CodeIgniter\HTTP\IncomingRequest), Object(CodeIgniter\HTTP\Response), 500, 1)
#5 [internal function]: CodeIgniter\Debug\Exceptions->exceptionHandler(Object(ValueError))
#6 {main}
  thrown
【Previous Exception】
ValueError
Path cannot be empty
#0 C:\xampp\htdocs\PROJECT-SPORTSPACE\sportspace\sportspace\app\Controllers\Api\PartnerLogoApi.php(63): file_get_contents('', false, Resource id #9)
#1 C:\xampp\htdocs\PROJECT-SPORTSPACE\sportspace\sportspace\app\Controllers\Api\PartnerLogoApi.php(28): App\Controllers\Api\PartnerLogoApi->fetchUrl('')
#2 C:\xampp\htdocs\PROJECT-SPORTSPACE\sportspace\sportspace\vendor\codeigniter4\framework\system\CodeIgniter.php(933): App\Controllers\Api\PartnerLogoApi->serve('dynamix')
#3 C:\xampp\htdocs\PROJECT-SPORTSPACE\sportspace\sportspace\vendor\codeigniter4\framework\system\CodeIgniter.php(507): CodeIgniter\CodeIgniter->runController(Object(App\Controllers\Api\PartnerLogoApi))
#4 C:\xampp\htdocs\PROJECT-SPORTSPACE\sportspace\sportspace\vendor\codeigniter4\framework\system\CodeIgniter.php(354): CodeIgniter\CodeIgniter->handleRequest(NULL, Object(Config\Cache), false)
#5 C:\xampp\htdocs\PROJECT-SPORTSPACE\sportspace\sportspace\vendor\codeigniter4\framework\system\Boot.php(363): CodeIgniter\CodeIgniter->run()
#6 C:\xampp\htdocs\PROJECT-SPORTSPACE\sportspace\sportspace\vendor\codeigniter4\framework\system\Boot.php(68): CodeIgniter\Boot::runCodeIgniter(Object(CodeIgniter\CodeIgniter))
#7 C:\xampp\htdocs\PROJECT-SPORTSPACE\sportspace\sportspace\public\index.php(59): CodeIgniter\Boot::bootWeb(Object(Config\Paths))
#8 C:\xampp\htdocs\PROJECT-SPORTSPACE\sportspace\sportspace\vendor\codeigniter4\framework\system\rewrite.php(44): require_once('C:\\xampp\\htdocs...')
#9 {main}
[Method: GET, Route: api/partner-logo/dynamix]
in SYSTEMPATH\Format\JSONFormatter.php on line 47.
 1 [internal function]: CodeIgniter\Debug\Exceptions->shutdownHandler()
CRITICAL - 2026-07-07 13:58:04 --> ValueError: Path cannot be empty
[Method: GET, Route: api/partner-logo/dynamix]
in APPPATH\Controllers\Api\PartnerLogoApi.php on line 63.
 1 APPPATH\Controllers\Api\PartnerLogoApi.php(63): file_get_contents('', false, resource (stream-context))
 2 APPPATH\Controllers\Api\PartnerLogoApi.php(28): App\Controllers\Api\PartnerLogoApi->fetchUrl('')
 3 SYSTEMPATH\CodeIgniter.php(933): App\Controllers\Api\PartnerLogoApi->serve('dynamix')
 4 SYSTEMPATH\CodeIgniter.php(507): CodeIgniter\CodeIgniter->runController(Object(App\Controllers\Api\PartnerLogoApi))
 5 SYSTEMPATH\CodeIgniter.php(354): CodeIgniter\CodeIgniter->handleRequest(null, Object(Config\Cache), false)
 6 SYSTEMPATH\Boot.php(363): CodeIgniter\CodeIgniter->run()
 7 SYSTEMPATH\Boot.php(68): CodeIgniter\Boot::runCodeIgniter(Object(CodeIgniter\CodeIgniter))
 8 FCPATH\index.php(59): CodeIgniter\Boot::bootWeb(Object(Config\Paths))
 9 SYSTEMPATH\rewrite.php(44): require_once('C:\\xampp\\htdocs\\PROJECT-SPORTSPACE\\sportspace\\sportspace\\public\\index.php')
CRITICAL - 2026-07-07 13:58:04 --> ErrorException: Uncaught CodeIgniter\Format\Exceptions\FormatException: Failed to parse JSON string. Error: Type is not supported in C:\xampp\htdocs\PROJECT-SPORTSPACE\sportspace\sportspace\vendor\codeigniter4\framework\system\Format\JSONFormatter.php:47
Stack trace:
#0 C:\xampp\htdocs\PROJECT-SPORTSPACE\sportspace\sportspace\vendor\codeigniter4\framework\system\Format\JSONFormatter.php(47): CodeIgniter\Format\Exceptions\FormatException::forInvalidJSON('Type is not sup...')
#1 C:\xampp\htdocs\PROJECT-SPORTSPACE\sportspace\sportspace\vendor\codeigniter4\framework\system\API\ResponseTrait.php(347): CodeIgniter\Format\JSONFormatter->format(Array)
#2 C:\xampp\htdocs\PROJECT-SPORTSPACE\sportspace\sportspace\vendor\codeigniter4\framework\system\API\ResponseTrait.php(106): CodeIgniter\Debug\ExceptionHandler->format(Array)
#3 C:\xampp\htdocs\PROJECT-SPORTSPACE\sportspace\sportspace\vendor\codeigniter4\framework\system\Debug\ExceptionHandler.php(85): CodeIgniter\Debug\ExceptionHandler->respond(Array, 500)
#4 C:\xampp\htdocs\PROJECT-SPORTSPACE\sportspace\sportspace\vendor\codeigniter4\framework\system\Debug\Exceptions.php(162): CodeIgniter\Debug\ExceptionHandler->handle(Object(ValueError), Object(CodeIgniter\HTTP\IncomingRequest), Object(CodeIgniter\HTTP\Response), 500, 1)
#5 [internal function]: CodeIgniter\Debug\Exceptions->exceptionHandler(Object(ValueError))
#6 {main}
  thrown
【Previous Exception】
ValueError
Path cannot be empty
#0 C:\xampp\htdocs\PROJECT-SPORTSPACE\sportspace\sportspace\app\Controllers\Api\PartnerLogoApi.php(63): file_get_contents('', false, Resource id #9)
#1 C:\xampp\htdocs\PROJECT-SPORTSPACE\sportspace\sportspace\app\Controllers\Api\PartnerLogoApi.php(28): App\Controllers\Api\PartnerLogoApi->fetchUrl('')
#2 C:\xampp\htdocs\PROJECT-SPORTSPACE\sportspace\sportspace\vendor\codeigniter4\framework\system\CodeIgniter.php(933): App\Controllers\Api\PartnerLogoApi->serve('dynamix')
#3 C:\xampp\htdocs\PROJECT-SPORTSPACE\sportspace\sportspace\vendor\codeigniter4\framework\system\CodeIgniter.php(507): CodeIgniter\CodeIgniter->runController(Object(App\Controllers\Api\PartnerLogoApi))
#4 C:\xampp\htdocs\PROJECT-SPORTSPACE\sportspace\sportspace\vendor\codeigniter4\framework\system\CodeIgniter.php(354): CodeIgniter\CodeIgniter->handleRequest(NULL, Object(Config\Cache), false)
#5 C:\xampp\htdocs\PROJECT-SPORTSPACE\sportspace\sportspace\vendor\codeigniter4\framework\system\Boot.php(363): CodeIgniter\CodeIgniter->run()
#6 C:\xampp\htdocs\PROJECT-SPORTSPACE\sportspace\sportspace\vendor\codeigniter4\framework\system\Boot.php(68): CodeIgniter\Boot::runCodeIgniter(Object(CodeIgniter\CodeIgniter))
#7 C:\xampp\htdocs\PROJECT-SPORTSPACE\sportspace\sportspace\public\index.php(59): CodeIgniter\Boot::bootWeb(Object(Config\Paths))
#8 C:\xampp\htdocs\PROJECT-SPORTSPACE\sportspace\sportspace\vendor\codeigniter4\framework\system\rewrite.php(44): require_once('C:\\xampp\\htdocs...')
#9 {main}
[Method: GET, Route: api/partner-logo/dynamix]
in SYSTEMPATH\Format\JSONFormatter.php on line 47.
 1 [internal function]: CodeIgniter\Debug\Exceptions->shutdownHandler()
CRITICAL - 2026-07-07 14:00:41 --> ValueError: Path cannot be empty
[Method: GET, Route: api/partner-logo/dynamix]
in APPPATH\Controllers\Api\PartnerLogoApi.php on line 63.
 1 APPPATH\Controllers\Api\PartnerLogoApi.php(63): file_get_contents('', false, resource (stream-context))
 2 APPPATH\Controllers\Api\PartnerLogoApi.php(28): App\Controllers\Api\PartnerLogoApi->fetchUrl('')
 3 SYSTEMPATH\CodeIgniter.php(933): App\Controllers\Api\PartnerLogoApi->serve('dynamix')
 4 SYSTEMPATH\CodeIgniter.php(507): CodeIgniter\CodeIgniter->runController(Object(App\Controllers\Api\PartnerLogoApi))
 5 SYSTEMPATH\CodeIgniter.php(354): CodeIgniter\CodeIgniter->handleRequest(null, Object(Config\Cache), false)
 6 SYSTEMPATH\Boot.php(363): CodeIgniter\CodeIgniter->run()
 7 SYSTEMPATH\Boot.php(68): CodeIgniter\Boot::runCodeIgniter(Object(CodeIgniter\CodeIgniter))
 8 FCPATH\index.php(59): CodeIgniter\Boot::bootWeb(Object(Config\Paths))
 9 SYSTEMPATH\rewrite.php(44): require_once('C:\\xampp\\htdocs\\PROJECT-SPORTSPACE\\sportspace\\sportspace\\public\\index.php')
CRITICAL - 2026-07-07 14:00:41 --> ErrorException: Uncaught CodeIgniter\Format\Exceptions\FormatException: Failed to parse JSON string. Error: Type is not supported in C:\xampp\htdocs\PROJECT-SPORTSPACE\sportspace\sportspace\vendor\codeigniter4\framework\system\Format\JSONFormatter.php:47
Stack trace:
#0 C:\xampp\htdocs\PROJECT-SPORTSPACE\sportspace\sportspace\vendor\codeigniter4\framework\system\Format\JSONFormatter.php(47): CodeIgniter\Format\Exceptions\FormatException::forInvalidJSON('Type is not sup...')
#1 C:\xampp\htdocs\PROJECT-SPORTSPACE\sportspace\sportspace\vendor\codeigniter4\framework\system\API\ResponseTrait.php(347): CodeIgniter\Format\JSONFormatter->format(Array)
#2 C:\xampp\htdocs\PROJECT-SPORTSPACE\sportspace\sportspace\vendor\codeigniter4\framework\system\API\ResponseTrait.php(106): CodeIgniter\Debug\ExceptionHandler->format(Array)
#3 C:\xampp\htdocs\PROJECT-SPORTSPACE\sportspace\sportspace\vendor\codeigniter4\framework\system\Debug\ExceptionHandler.php(85): CodeIgniter\Debug\ExceptionHandler->respond(Array, 500)
#4 C:\xampp\htdocs\PROJECT-SPORTSPACE\sportspace\sportspace\vendor\codeigniter4\framework\system\Debug\Exceptions.php(162): CodeIgniter\Debug\ExceptionHandler->handle(Object(ValueError), Object(CodeIgniter\HTTP\IncomingRequest), Object(CodeIgniter\HTTP\Response), 500, 1)
#5 [internal function]: CodeIgniter\Debug\Exceptions->exceptionHandler(Object(ValueError))
#6 {main}
  thrown
【Previous Exception】
ValueError
Path cannot be empty
#0 C:\xampp\htdocs\PROJECT-SPORTSPACE\sportspace\sportspace\app\Controllers\Api\PartnerLogoApi.php(63): file_get_contents('', false, Resource id #9)
#1 C:\xampp\htdocs\PROJECT-SPORTSPACE\sportspace\sportspace\app\Controllers\Api\PartnerLogoApi.php(28): App\Controllers\Api\PartnerLogoApi->fetchUrl('')
#2 C:\xampp\htdocs\PROJECT-SPORTSPACE\sportspace\sportspace\vendor\codeigniter4\framework\system\CodeIgniter.php(933): App\Controllers\Api\PartnerLogoApi->serve('dynamix')
#3 C:\xampp\htdocs\PROJECT-SPORTSPACE\sportspace\sportspace\vendor\codeigniter4\framework\system\CodeIgniter.php(507): CodeIgniter\CodeIgniter->runController(Object(App\Controllers\Api\PartnerLogoApi))
#4 C:\xampp\htdocs\PROJECT-SPORTSPACE\sportspace\sportspace\vendor\codeigniter4\framework\system\CodeIgniter.php(354): CodeIgniter\CodeIgniter->handleRequest(NULL, Object(Config\Cache), false)
#5 C:\xampp\htdocs\PROJECT-SPORTSPACE\sportspace\sportspace\vendor\codeigniter4\framework\system\Boot.php(363): CodeIgniter\CodeIgniter->run()
#6 C:\xampp\htdocs\PROJECT-SPORTSPACE\sportspace\sportspace\vendor\codeigniter4\framework\system\Boot.php(68): CodeIgniter\Boot::runCodeIgniter(Object(CodeIgniter\CodeIgniter))
#7 C:\xampp\htdocs\PROJECT-SPORTSPACE\sportspace\sportspace\public\index.php(59): CodeIgniter\Boot::bootWeb(Object(Config\Paths))
#8 C:\xampp\htdocs\PROJECT-SPORTSPACE\sportspace\sportspace\vendor\codeigniter4\framework\system\rewrite.php(44): require_once('C:\\xampp\\htdocs...')
#9 {main}
[Method: GET, Route: api/partner-logo/dynamix]
in SYSTEMPATH\Format\JSONFormatter.php on line 47.
 1 [internal function]: CodeIgniter\Debug\Exceptions->shutdownHandler()
WARNING - 2026-07-07 14:01:26 --> [DEPRECATED] Creation of dynamic property CodeIgniter\HTTP\IncomingRequest::$user is deprecated in APPPATH\Filters\JwtAuth.php on line 29.
 1 SYSTEMPATH\Filters\Filters.php(241): App\Filters\JwtAuth->before(Object(CodeIgniter\HTTP\IncomingRequest), null)
 2 SYSTEMPATH\Filters\Filters.php(221): CodeIgniter\Filters\Filters->runBefore([...])
 3 SYSTEMPATH\CodeIgniter.php(479): CodeIgniter\Filters\Filters->run('api/booking', 'before')
 4 SYSTEMPATH\CodeIgniter.php(354): CodeIgniter\CodeIgniter->handleRequest(null, Object(Config\Cache), false)
 5 SYSTEMPATH\Boot.php(363): CodeIgniter\CodeIgniter->run()
 6 SYSTEMPATH\Boot.php(68): CodeIgniter\Boot::runCodeIgniter(Object(CodeIgniter\CodeIgniter))
 7 FCPATH\index.php(59): CodeIgniter\Boot::bootWeb(Object(Config\Paths))
 8 SYSTEMPATH\rewrite.php(44): require_once('C:\\xampp\\htdocs\\PROJECT-SPORTSPACE\\sportspace\\sportspace\\public\\index.php')
WARNING - 2026-07-07 14:01:28 --> [DEPRECATED] Creation of dynamic property CodeIgniter\HTTP\IncomingRequest::$user is deprecated in APPPATH\Filters\JwtAuth.php on line 29.
 1 SYSTEMPATH\Filters\Filters.php(241): App\Filters\JwtAuth->before(Object(CodeIgniter\HTTP\IncomingRequest), null)
 2 SYSTEMPATH\Filters\Filters.php(221): CodeIgniter\Filters\Filters->runBefore([...])
 3 SYSTEMPATH\CodeIgniter.php(479): CodeIgniter\Filters\Filters->run('api/booking', 'before')
 4 SYSTEMPATH\CodeIgniter.php(354): CodeIgniter\CodeIgniter->handleRequest(null, Object(Config\Cache), false)
 5 SYSTEMPATH\Boot.php(363): CodeIgniter\CodeIgniter->run()
 6 SYSTEMPATH\Boot.php(68): CodeIgniter\Boot::runCodeIgniter(Object(CodeIgniter\CodeIgniter))
 7 FCPATH\index.php(59): CodeIgniter\Boot::bootWeb(Object(Config\Paths))
 8 SYSTEMPATH\rewrite.php(44): require_once('C:\\xampp\\htdocs\\PROJECT-SPORTSPACE\\sportspace\\sportspace\\public\\index.php')
CRITICAL - 2026-07-07 14:02:40 --> ValueError: Path cannot be empty
[Method: GET, Route: api/partner-logo/dynamix]
in APPPATH\Controllers\Api\PartnerLogoApi.php on line 63.
 1 APPPATH\Controllers\Api\PartnerLogoApi.php(63): file_get_contents('', false, resource (stream-context))
 2 APPPATH\Controllers\Api\PartnerLogoApi.php(28): App\Controllers\Api\PartnerLogoApi->fetchUrl('')
 3 SYSTEMPATH\CodeIgniter.php(933): App\Controllers\Api\PartnerLogoApi->serve('dynamix')
 4 SYSTEMPATH\CodeIgniter.php(507): CodeIgniter\CodeIgniter->runController(Object(App\Controllers\Api\PartnerLogoApi))
 5 SYSTEMPATH\CodeIgniter.php(354): CodeIgniter\CodeIgniter->handleRequest(null, Object(Config\Cache), false)
 6 SYSTEMPATH\Boot.php(363): CodeIgniter\CodeIgniter->run()
 7 SYSTEMPATH\Boot.php(68): CodeIgniter\Boot::runCodeIgniter(Object(CodeIgniter\CodeIgniter))
 8 FCPATH\index.php(59): CodeIgniter\Boot::bootWeb(Object(Config\Paths))
 9 SYSTEMPATH\rewrite.php(44): require_once('C:\\xampp\\htdocs\\PROJECT-SPORTSPACE\\sportspace\\sportspace\\public\\index.php')
CRITICAL - 2026-07-07 14:02:40 --> ErrorException: Uncaught CodeIgniter\Format\Exceptions\FormatException: Failed to parse JSON string. Error: Type is not supported in C:\xampp\htdocs\PROJECT-SPORTSPACE\sportspace\sportspace\vendor\codeigniter4\framework\system\Format\JSONFormatter.php:47
Stack trace:
#0 C:\xampp\htdocs\PROJECT-SPORTSPACE\sportspace\sportspace\vendor\codeigniter4\framework\system\Format\JSONFormatter.php(47): CodeIgniter\Format\Exceptions\FormatException::forInvalidJSON('Type is not sup...')
#1 C:\xampp\htdocs\PROJECT-SPORTSPACE\sportspace\sportspace\vendor\codeigniter4\framework\system\API\ResponseTrait.php(347): CodeIgniter\Format\JSONFormatter->format(Array)
#2 C:\xampp\htdocs\PROJECT-SPORTSPACE\sportspace\sportspace\vendor\codeigniter4\framework\system\API\ResponseTrait.php(106): CodeIgniter\Debug\ExceptionHandler->format(Array)
#3 C:\xampp\htdocs\PROJECT-SPORTSPACE\sportspace\sportspace\vendor\codeigniter4\framework\system\Debug\ExceptionHandler.php(85): CodeIgniter\Debug\ExceptionHandler->respond(Array, 500)
#4 C:\xampp\htdocs\PROJECT-SPORTSPACE\sportspace\sportspace\vendor\codeigniter4\framework\system\Debug\Exceptions.php(162): CodeIgniter\Debug\ExceptionHandler->handle(Object(ValueError), Object(CodeIgniter\HTTP\IncomingRequest), Object(CodeIgniter\HTTP\Response), 500, 1)
#5 [internal function]: CodeIgniter\Debug\Exceptions->exceptionHandler(Object(ValueError))
#6 {main}
  thrown
【Previous Exception】
ValueError
Path cannot be empty
#0 C:\xampp\htdocs\PROJECT-SPORTSPACE\sportspace\sportspace\app\Controllers\Api\PartnerLogoApi.php(63): file_get_contents('', false, Resource id #9)
#1 C:\xampp\htdocs\PROJECT-SPORTSPACE\sportspace\sportspace\app\Controllers\Api\PartnerLogoApi.php(28): App\Controllers\Api\PartnerLogoApi->fetchUrl('')
#2 C:\xampp\htdocs\PROJECT-SPORTSPACE\sportspace\sportspace\vendor\codeigniter4\framework\system\CodeIgniter.php(933): App\Controllers\Api\PartnerLogoApi->serve('dynamix')
#3 C:\xampp\htdocs\PROJECT-SPORTSPACE\sportspace\sportspace\vendor\codeigniter4\framework\system\CodeIgniter.php(507): CodeIgniter\CodeIgniter->runController(Object(App\Controllers\Api\PartnerLogoApi))
#4 C:\xampp\htdocs\PROJECT-SPORTSPACE\sportspace\sportspace\vendor\codeigniter4\framework\system\CodeIgniter.php(354): CodeIgniter\CodeIgniter->handleRequest(NULL, Object(Config\Cache), false)
#5 C:\xampp\htdocs\PROJECT-SPORTSPACE\sportspace\sportspace\vendor\codeigniter4\framework\system\Boot.php(363): CodeIgniter\CodeIgniter->run()
#6 C:\xampp\htdocs\PROJECT-SPORTSPACE\sportspace\sportspace\vendor\codeigniter4\framework\system\Boot.php(68): CodeIgniter\Boot::runCodeIgniter(Object(CodeIgniter\CodeIgniter))
#7 C:\xampp\htdocs\PROJECT-SPORTSPACE\sportspace\sportspace\public\index.php(59): CodeIgniter\Boot::bootWeb(Object(Config\Paths))
#8 C:\xampp\htdocs\PROJECT-SPORTSPACE\sportspace\sportspace\vendor\codeigniter4\framework\system\rewrite.php(44): require_once('C:\\xampp\\htdocs...')
#9 {main}
[Method: GET, Route: api/partner-logo/dynamix]
in SYSTEMPATH\Format\JSONFormatter.php on line 47.
 1 [internal function]: CodeIgniter\Debug\Exceptions->shutdownHandler()
WARNING - 2026-07-07 14:02:43 --> [DEPRECATED] Creation of dynamic property CodeIgniter\HTTP\IncomingRequest::$user is deprecated in APPPATH\Filters\JwtAuth.php on line 29.
 1 SYSTEMPATH\Filters\Filters.php(241): App\Filters\JwtAuth->before(Object(CodeIgniter\HTTP\IncomingRequest), null)
 2 SYSTEMPATH\Filters\Filters.php(221): CodeIgniter\Filters\Filters->runBefore([...])
 3 SYSTEMPATH\CodeIgniter.php(479): CodeIgniter\Filters\Filters->run('api/booking', 'before')
 4 SYSTEMPATH\CodeIgniter.php(354): CodeIgniter\CodeIgniter->handleRequest(null, Object(Config\Cache), false)
 5 SYSTEMPATH\Boot.php(363): CodeIgniter\CodeIgniter->run()
 6 SYSTEMPATH\Boot.php(68): CodeIgniter\Boot::runCodeIgniter(Object(CodeIgniter\CodeIgniter))
 7 FCPATH\index.php(59): CodeIgniter\Boot::bootWeb(Object(Config\Paths))
 8 SYSTEMPATH\rewrite.php(44): require_once('C:\\xampp\\htdocs\\PROJECT-SPORTSPACE\\sportspace\\sportspace\\public\\index.php')
WARNING - 2026-07-07 14:02:45 --> [DEPRECATED] Creation of dynamic property CodeIgniter\HTTP\IncomingRequest::$user is deprecated in APPPATH\Filters\JwtAuth.php on line 29.
 1 SYSTEMPATH\Filters\Filters.php(241): App\Filters\JwtAuth->before(Object(CodeIgniter\HTTP\IncomingRequest), null)
 2 SYSTEMPATH\Filters\Filters.php(221): CodeIgniter\Filters\Filters->runBefore([...])
 3 SYSTEMPATH\CodeIgniter.php(479): CodeIgniter\Filters\Filters->run('api/booking', 'before')
 4 SYSTEMPATH\CodeIgniter.php(354): CodeIgniter\CodeIgniter->handleRequest(null, Object(Config\Cache), false)
 5 SYSTEMPATH\Boot.php(363): CodeIgniter\CodeIgniter->run()
 6 SYSTEMPATH\Boot.php(68): CodeIgniter\Boot::runCodeIgniter(Object(CodeIgniter\CodeIgniter))
 7 FCPATH\index.php(59): CodeIgniter\Boot::bootWeb(Object(Config\Paths))
 8 SYSTEMPATH\rewrite.php(44): require_once('C:\\xampp\\htdocs\\PROJECT-SPORTSPACE\\sportspace\\sportspace\\public\\index.php')
WARNING - 2026-07-07 14:03:01 --> [DEPRECATED] Creation of dynamic property CodeIgniter\HTTP\IncomingRequest::$user is deprecated in APPPATH\Filters\JwtAuth.php on line 29.
 1 SYSTEMPATH\Filters\Filters.php(241): App\Filters\JwtAuth->before(Object(CodeIgniter\HTTP\IncomingRequest), null)
 2 SYSTEMPATH\Filters\Filters.php(221): CodeIgniter\Filters\Filters->runBefore([...])
 3 SYSTEMPATH\CodeIgniter.php(479): CodeIgniter\Filters\Filters->run('api/booking', 'before')
 4 SYSTEMPATH\CodeIgniter.php(354): CodeIgniter\CodeIgniter->handleRequest(null, Object(Config\Cache), false)
 5 SYSTEMPATH\Boot.php(363): CodeIgniter\CodeIgniter->run()
 6 SYSTEMPATH\Boot.php(68): CodeIgniter\Boot::runCodeIgniter(Object(CodeIgniter\CodeIgniter))
 7 FCPATH\index.php(59): CodeIgniter\Boot::bootWeb(Object(Config\Paths))
 8 SYSTEMPATH\rewrite.php(44): require_once('C:\\xampp\\htdocs\\PROJECT-SPORTSPACE\\sportspace\\sportspace\\public\\index.php')
WARNING - 2026-07-07 14:03:03 --> [DEPRECATED] Creation of dynamic property CodeIgniter\HTTP\IncomingRequest::$user is deprecated in APPPATH\Filters\JwtAuth.php on line 29.
 1 SYSTEMPATH\Filters\Filters.php(241): App\Filters\JwtAuth->before(Object(CodeIgniter\HTTP\IncomingRequest), null)
 2 SYSTEMPATH\Filters\Filters.php(221): CodeIgniter\Filters\Filters->runBefore([...])
 3 SYSTEMPATH\CodeIgniter.php(479): CodeIgniter\Filters\Filters->run('api/booking', 'before')
 4 SYSTEMPATH\CodeIgniter.php(354): CodeIgniter\CodeIgniter->handleRequest(null, Object(Config\Cache), false)
 5 SYSTEMPATH\Boot.php(363): CodeIgniter\CodeIgniter->run()
 6 SYSTEMPATH\Boot.php(68): CodeIgniter\Boot::runCodeIgniter(Object(CodeIgniter\CodeIgniter))
 7 FCPATH\index.php(59): CodeIgniter\Boot::bootWeb(Object(Config\Paths))
 8 SYSTEMPATH\rewrite.php(44): require_once('C:\\xampp\\htdocs\\PROJECT-SPORTSPACE\\sportspace\\sportspace\\public\\index.php')
WARNING - 2026-07-07 14:03:10 --> [DEPRECATED] Creation of dynamic property CodeIgniter\HTTP\IncomingRequest::$user is deprecated in APPPATH\Filters\JwtAuth.php on line 29.
 1 SYSTEMPATH\Filters\Filters.php(241): App\Filters\JwtAuth->before(Object(CodeIgniter\HTTP\IncomingRequest), null)
 2 SYSTEMPATH\Filters\Filters.php(221): CodeIgniter\Filters\Filters->runBefore([...])
 3 SYSTEMPATH\CodeIgniter.php(479): CodeIgniter\Filters\Filters->run('api/booking', 'before')
 4 SYSTEMPATH\CodeIgniter.php(354): CodeIgniter\CodeIgniter->handleRequest(null, Object(Config\Cache), false)
 5 SYSTEMPATH\Boot.php(363): CodeIgniter\CodeIgniter->run()
 6 SYSTEMPATH\Boot.php(68): CodeIgniter\Boot::runCodeIgniter(Object(CodeIgniter\CodeIgniter))
 7 FCPATH\index.php(59): CodeIgniter\Boot::bootWeb(Object(Config\Paths))
 8 SYSTEMPATH\rewrite.php(44): require_once('C:\\xampp\\htdocs\\PROJECT-SPORTSPACE\\sportspace\\sportspace\\public\\index.php')
WARNING - 2026-07-07 14:03:12 --> [DEPRECATED] Creation of dynamic property CodeIgniter\HTTP\IncomingRequest::$user is deprecated in APPPATH\Filters\JwtAuth.php on line 29.
 1 SYSTEMPATH\Filters\Filters.php(241): App\Filters\JwtAuth->before(Object(CodeIgniter\HTTP\IncomingRequest), null)
 2 SYSTEMPATH\Filters\Filters.php(221): CodeIgniter\Filters\Filters->runBefore([...])
 3 SYSTEMPATH\CodeIgniter.php(479): CodeIgniter\Filters\Filters->run('api/booking', 'before')
 4 SYSTEMPATH\CodeIgniter.php(354): CodeIgniter\CodeIgniter->handleRequest(null, Object(Config\Cache), false)
 5 SYSTEMPATH\Boot.php(363): CodeIgniter\CodeIgniter->run()
 6 SYSTEMPATH\Boot.php(68): CodeIgniter\Boot::runCodeIgniter(Object(CodeIgniter\CodeIgniter))
 7 FCPATH\index.php(59): CodeIgniter\Boot::bootWeb(Object(Config\Paths))
 8 SYSTEMPATH\rewrite.php(44): require_once('C:\\xampp\\htdocs\\PROJECT-SPORTSPACE\\sportspace\\sportspace\\public\\index.php')
WARNING - 2026-07-07 14:03:17 --> [DEPRECATED] Creation of dynamic property CodeIgniter\HTTP\IncomingRequest::$user is deprecated in APPPATH\Filters\JwtAuth.php on line 29.
 1 SYSTEMPATH\Filters\Filters.php(241): App\Filters\JwtAuth->before(Object(CodeIgniter\HTTP\IncomingRequest), null)
 2 SYSTEMPATH\Filters\Filters.php(221): CodeIgniter\Filters\Filters->runBefore([...])
 3 SYSTEMPATH\CodeIgniter.php(479): CodeIgniter\Filters\Filters->run('api/booking', 'before')
 4 SYSTEMPATH\CodeIgniter.php(354): CodeIgniter\CodeIgniter->handleRequest(null, Object(Config\Cache), false)
 5 SYSTEMPATH\Boot.php(363): CodeIgniter\CodeIgniter->run()
 6 SYSTEMPATH\Boot.php(68): CodeIgniter\Boot::runCodeIgniter(Object(CodeIgniter\CodeIgniter))
 7 FCPATH\index.php(59): CodeIgniter\Boot::bootWeb(Object(Config\Paths))
 8 SYSTEMPATH\rewrite.php(44): require_once('C:\\xampp\\htdocs\\PROJECT-SPORTSPACE\\sportspace\\sportspace\\public\\index.php')
WARNING - 2026-07-07 14:03:19 --> [DEPRECATED] Creation of dynamic property CodeIgniter\HTTP\IncomingRequest::$user is deprecated in APPPATH\Filters\JwtAuth.php on line 29.
 1 SYSTEMPATH\Filters\Filters.php(241): App\Filters\JwtAuth->before(Object(CodeIgniter\HTTP\IncomingRequest), null)
 2 SYSTEMPATH\Filters\Filters.php(221): CodeIgniter\Filters\Filters->runBefore([...])
 3 SYSTEMPATH\CodeIgniter.php(479): CodeIgniter\Filters\Filters->run('api/booking', 'before')
 4 SYSTEMPATH\CodeIgniter.php(354): CodeIgniter\CodeIgniter->handleRequest(null, Object(Config\Cache), false)
 5 SYSTEMPATH\Boot.php(363): CodeIgniter\CodeIgniter->run()
 6 SYSTEMPATH\Boot.php(68): CodeIgniter\Boot::runCodeIgniter(Object(CodeIgniter\CodeIgniter))
 7 FCPATH\index.php(59): CodeIgniter\Boot::bootWeb(Object(Config\Paths))
 8 SYSTEMPATH\rewrite.php(44): require_once('C:\\xampp\\htdocs\\PROJECT-SPORTSPACE\\sportspace\\sportspace\\public\\index.php')
CRITICAL - 2026-07-07 14:16:04 --> ValueError: Path cannot be empty
[Method: GET, Route: api/partner-logo/dynamix]
in APPPATH\Controllers\Api\PartnerLogoApi.php on line 63.
 1 APPPATH\Controllers\Api\PartnerLogoApi.php(63): file_get_contents('', false, resource (stream-context))
 2 APPPATH\Controllers\Api\PartnerLogoApi.php(28): App\Controllers\Api\PartnerLogoApi->fetchUrl('')
 3 SYSTEMPATH\CodeIgniter.php(933): App\Controllers\Api\PartnerLogoApi->serve('dynamix')
 4 SYSTEMPATH\CodeIgniter.php(507): CodeIgniter\CodeIgniter->runController(Object(App\Controllers\Api\PartnerLogoApi))
 5 SYSTEMPATH\CodeIgniter.php(354): CodeIgniter\CodeIgniter->handleRequest(null, Object(Config\Cache), false)
 6 SYSTEMPATH\Boot.php(363): CodeIgniter\CodeIgniter->run()
 7 SYSTEMPATH\Boot.php(68): CodeIgniter\Boot::runCodeIgniter(Object(CodeIgniter\CodeIgniter))
 8 FCPATH\index.php(59): CodeIgniter\Boot::bootWeb(Object(Config\Paths))
 9 SYSTEMPATH\rewrite.php(44): require_once('C:\\xampp\\htdocs\\PROJECT-SPORTSPACE\\sportspace\\sportspace\\public\\index.php')
CRITICAL - 2026-07-07 14:16:04 --> ErrorException: Uncaught CodeIgniter\Format\Exceptions\FormatException: Failed to parse JSON string. Error: Type is not supported in C:\xampp\htdocs\PROJECT-SPORTSPACE\sportspace\sportspace\vendor\codeigniter4\framework\system\Format\JSONFormatter.php:47
Stack trace:
#0 C:\xampp\htdocs\PROJECT-SPORTSPACE\sportspace\sportspace\vendor\codeigniter4\framework\system\Format\JSONFormatter.php(47): CodeIgniter\Format\Exceptions\FormatException::forInvalidJSON('Type is not sup...')
#1 C:\xampp\htdocs\PROJECT-SPORTSPACE\sportspace\sportspace\vendor\codeigniter4\framework\system\API\ResponseTrait.php(347): CodeIgniter\Format\JSONFormatter->format(Array)
#2 C:\xampp\htdocs\PROJECT-SPORTSPACE\sportspace\sportspace\vendor\codeigniter4\framework\system\API\ResponseTrait.php(106): CodeIgniter\Debug\ExceptionHandler->format(Array)
#3 C:\xampp\htdocs\PROJECT-SPORTSPACE\sportspace\sportspace\vendor\codeigniter4\framework\system\Debug\ExceptionHandler.php(85): CodeIgniter\Debug\ExceptionHandler->respond(Array, 500)
#4 C:\xampp\htdocs\PROJECT-SPORTSPACE\sportspace\sportspace\vendor\codeigniter4\framework\system\Debug\Exceptions.php(162): CodeIgniter\Debug\ExceptionHandler->handle(Object(ValueError), Object(CodeIgniter\HTTP\IncomingRequest), Object(CodeIgniter\HTTP\Response), 500, 1)
#5 [internal function]: CodeIgniter\Debug\Exceptions->exceptionHandler(Object(ValueError))
#6 {main}
  thrown
【Previous Exception】
ValueError
Path cannot be empty
#0 C:\xampp\htdocs\PROJECT-SPORTSPACE\sportspace\sportspace\app\Controllers\Api\PartnerLogoApi.php(63): file_get_contents('', false, Resource id #9)
#1 C:\xampp\htdocs\PROJECT-SPORTSPACE\sportspace\sportspace\app\Controllers\Api\PartnerLogoApi.php(28): App\Controllers\Api\PartnerLogoApi->fetchUrl('')
#2 C:\xampp\htdocs\PROJECT-SPORTSPACE\sportspace\sportspace\vendor\codeigniter4\framework\system\CodeIgniter.php(933): App\Controllers\Api\PartnerLogoApi->serve('dynamix')
#3 C:\xampp\htdocs\PROJECT-SPORTSPACE\sportspace\sportspace\vendor\codeigniter4\framework\system\CodeIgniter.php(507): CodeIgniter\CodeIgniter->runController(Object(App\Controllers\Api\PartnerLogoApi))
#4 C:\xampp\htdocs\PROJECT-SPORTSPACE\sportspace\sportspace\vendor\codeigniter4\framework\system\CodeIgniter.php(354): CodeIgniter\CodeIgniter->handleRequest(NULL, Object(Config\Cache), false)
#5 C:\xampp\htdocs\PROJECT-SPORTSPACE\sportspace\sportspace\vendor\codeigniter4\framework\system\Boot.php(363): CodeIgniter\CodeIgniter->run()
#6 C:\xampp\htdocs\PROJECT-SPORTSPACE\sportspace\sportspace\vendor\codeigniter4\framework\system\Boot.php(68): CodeIgniter\Boot::runCodeIgniter(Object(CodeIgniter\CodeIgniter))
#7 C:\xampp\htdocs\PROJECT-SPORTSPACE\sportspace\sportspace\public\index.php(59): CodeIgniter\Boot::bootWeb(Object(Config\Paths))
#8 C:\xampp\htdocs\PROJECT-SPORTSPACE\sportspace\sportspace\vendor\codeigniter4\framework\system\rewrite.php(44): require_once('C:\\xampp\\htdocs...')
#9 {main}
[Method: GET, Route: api/partner-logo/dynamix]
in SYSTEMPATH\Format\JSONFormatter.php on line 47.
 1 [internal function]: CodeIgniter\Debug\Exceptions->shutdownHandler()
WARNING - 2026-07-07 14:16:07 --> [DEPRECATED] Creation of dynamic property CodeIgniter\HTTP\IncomingRequest::$user is deprecated in APPPATH\Filters\JwtAuth.php on line 29.
 1 SYSTEMPATH\Filters\Filters.php(241): App\Filters\JwtAuth->before(Object(CodeIgniter\HTTP\IncomingRequest), null)
 2 SYSTEMPATH\Filters\Filters.php(221): CodeIgniter\Filters\Filters->runBefore([...])
 3 SYSTEMPATH\CodeIgniter.php(479): CodeIgniter\Filters\Filters->run('api/booking', 'before')
 4 SYSTEMPATH\CodeIgniter.php(354): CodeIgniter\CodeIgniter->handleRequest(null, Object(Config\Cache), false)
 5 SYSTEMPATH\Boot.php(363): CodeIgniter\CodeIgniter->run()
 6 SYSTEMPATH\Boot.php(68): CodeIgniter\Boot::runCodeIgniter(Object(CodeIgniter\CodeIgniter))
 7 FCPATH\index.php(59): CodeIgniter\Boot::bootWeb(Object(Config\Paths))
 8 SYSTEMPATH\rewrite.php(44): require_once('C:\\xampp\\htdocs\\PROJECT-SPORTSPACE\\sportspace\\sportspace\\public\\index.php')
WARNING - 2026-07-07 14:16:09 --> [DEPRECATED] Creation of dynamic property CodeIgniter\HTTP\IncomingRequest::$user is deprecated in APPPATH\Filters\JwtAuth.php on line 29.
 1 SYSTEMPATH\Filters\Filters.php(241): App\Filters\JwtAuth->before(Object(CodeIgniter\HTTP\IncomingRequest), null)
 2 SYSTEMPATH\Filters\Filters.php(221): CodeIgniter\Filters\Filters->runBefore([...])
 3 SYSTEMPATH\CodeIgniter.php(479): CodeIgniter\Filters\Filters->run('api/booking', 'before')
 4 SYSTEMPATH\CodeIgniter.php(354): CodeIgniter\CodeIgniter->handleRequest(null, Object(Config\Cache), false)
 5 SYSTEMPATH\Boot.php(363): CodeIgniter\CodeIgniter->run()
 6 SYSTEMPATH\Boot.php(68): CodeIgniter\Boot::runCodeIgniter(Object(CodeIgniter\CodeIgniter))
 7 FCPATH\index.php(59): CodeIgniter\Boot::bootWeb(Object(Config\Paths))
 8 SYSTEMPATH\rewrite.php(44): require_once('C:\\xampp\\htdocs\\PROJECT-SPORTSPACE\\sportspace\\sportspace\\public\\index.php')
WARNING - 2026-07-07 14:21:23 --> [DEPRECATED] Creation of dynamic property CodeIgniter\HTTP\IncomingRequest::$user is deprecated in APPPATH\Filters\JwtAuth.php on line 29.
 1 SYSTEMPATH\Filters\Filters.php(241): App\Filters\JwtAuth->before(Object(CodeIgniter\HTTP\IncomingRequest), null)
 2 SYSTEMPATH\Filters\Filters.php(221): CodeIgniter\Filters\Filters->runBefore([...])
 3 SYSTEMPATH\CodeIgniter.php(479): CodeIgniter\Filters\Filters->run('api/booking', 'before')
 4 SYSTEMPATH\CodeIgniter.php(354): CodeIgniter\CodeIgniter->handleRequest(null, Object(Config\Cache), false)
 5 SYSTEMPATH\Boot.php(363): CodeIgniter\CodeIgniter->run()
 6 SYSTEMPATH\Boot.php(68): CodeIgniter\Boot::runCodeIgniter(Object(CodeIgniter\CodeIgniter))
 7 FCPATH\index.php(59): CodeIgniter\Boot::bootWeb(Object(Config\Paths))
 8 SYSTEMPATH\rewrite.php(44): require_once('C:\\xampp\\htdocs\\PROJECT-SPORTSPACE\\sportspace\\sportspace\\public\\index.php')
WARNING - 2026-07-07 14:21:25 --> [DEPRECATED] Creation of dynamic property CodeIgniter\HTTP\IncomingRequest::$user is deprecated in APPPATH\Filters\JwtAuth.php on line 29.
 1 SYSTEMPATH\Filters\Filters.php(241): App\Filters\JwtAuth->before(Object(CodeIgniter\HTTP\IncomingRequest), null)
 2 SYSTEMPATH\Filters\Filters.php(221): CodeIgniter\Filters\Filters->runBefore([...])
 3 SYSTEMPATH\CodeIgniter.php(479): CodeIgniter\Filters\Filters->run('api/booking', 'before')
 4 SYSTEMPATH\CodeIgniter.php(354): CodeIgniter\CodeIgniter->handleRequest(null, Object(Config\Cache), false)
 5 SYSTEMPATH\Boot.php(363): CodeIgniter\CodeIgniter->run()
 6 SYSTEMPATH\Boot.php(68): CodeIgniter\Boot::runCodeIgniter(Object(CodeIgniter\CodeIgniter))
 7 FCPATH\index.php(59): CodeIgniter\Boot::bootWeb(Object(Config\Paths))
 8 SYSTEMPATH\rewrite.php(44): require_once('C:\\xampp\\htdocs\\PROJECT-SPORTSPACE\\sportspace\\sportspace\\public\\index.php')
CRITICAL - 2026-07-07 14:43:58 --> ValueError: Path cannot be empty
[Method: GET, Route: api/partner-logo/dynamix]
in APPPATH\Controllers\Api\PartnerLogoApi.php on line 63.
 1 APPPATH\Controllers\Api\PartnerLogoApi.php(63): file_get_contents('', false, resource (stream-context))
 2 APPPATH\Controllers\Api\PartnerLogoApi.php(28): App\Controllers\Api\PartnerLogoApi->fetchUrl('')
 3 SYSTEMPATH\CodeIgniter.php(933): App\Controllers\Api\PartnerLogoApi->serve('dynamix')
 4 SYSTEMPATH\CodeIgniter.php(507): CodeIgniter\CodeIgniter->runController(Object(App\Controllers\Api\PartnerLogoApi))
 5 SYSTEMPATH\CodeIgniter.php(354): CodeIgniter\CodeIgniter->handleRequest(null, Object(Config\Cache), false)
 6 SYSTEMPATH\Boot.php(363): CodeIgniter\CodeIgniter->run()
 7 SYSTEMPATH\Boot.php(68): CodeIgniter\Boot::runCodeIgniter(Object(CodeIgniter\CodeIgniter))
 8 FCPATH\index.php(59): CodeIgniter\Boot::bootWeb(Object(Config\Paths))
 9 SYSTEMPATH\rewrite.php(44): require_once('C:\\xampp\\htdocs\\PROJECT-SPORTSPACE\\sportspace\\sportspace\\public\\index.php')
CRITICAL - 2026-07-07 14:43:58 --> ErrorException: Uncaught CodeIgniter\Format\Exceptions\FormatException: Failed to parse JSON string. Error: Type is not supported in C:\xampp\htdocs\PROJECT-SPORTSPACE\sportspace\sportspace\vendor\codeigniter4\framework\system\Format\JSONFormatter.php:47
Stack trace:
#0 C:\xampp\htdocs\PROJECT-SPORTSPACE\sportspace\sportspace\vendor\codeigniter4\framework\system\Format\JSONFormatter.php(47): CodeIgniter\Format\Exceptions\FormatException::forInvalidJSON('Type is not sup...')
#1 C:\xampp\htdocs\PROJECT-SPORTSPACE\sportspace\sportspace\vendor\codeigniter4\framework\system\API\ResponseTrait.php(347): CodeIgniter\Format\JSONFormatter->format(Array)
#2 C:\xampp\htdocs\PROJECT-SPORTSPACE\sportspace\sportspace\vendor\codeigniter4\framework\system\API\ResponseTrait.php(106): CodeIgniter\Debug\ExceptionHandler->format(Array)
#3 C:\xampp\htdocs\PROJECT-SPORTSPACE\sportspace\sportspace\vendor\codeigniter4\framework\system\Debug\ExceptionHandler.php(85): CodeIgniter\Debug\ExceptionHandler->respond(Array, 500)
#4 C:\xampp\htdocs\PROJECT-SPORTSPACE\sportspace\sportspace\vendor\codeigniter4\framework\system\Debug\Exceptions.php(162): CodeIgniter\Debug\ExceptionHandler->handle(Object(ValueError), Object(CodeIgniter\HTTP\IncomingRequest), Object(CodeIgniter\HTTP\Response), 500, 1)
#5 [internal function]: CodeIgniter\Debug\Exceptions->exceptionHandler(Object(ValueError))
#6 {main}
  thrown
【Previous Exception】
ValueError
Path cannot be empty
#0 C:\xampp\htdocs\PROJECT-SPORTSPACE\sportspace\sportspace\app\Controllers\Api\PartnerLogoApi.php(63): file_get_contents('', false, Resource id #9)
#1 C:\xampp\htdocs\PROJECT-SPORTSPACE\sportspace\sportspace\app\Controllers\Api\PartnerLogoApi.php(28): App\Controllers\Api\PartnerLogoApi->fetchUrl('')
#2 C:\xampp\htdocs\PROJECT-SPORTSPACE\sportspace\sportspace\vendor\codeigniter4\framework\system\CodeIgniter.php(933): App\Controllers\Api\PartnerLogoApi->serve('dynamix')
#3 C:\xampp\htdocs\PROJECT-SPORTSPACE\sportspace\sportspace\vendor\codeigniter4\framework\system\CodeIgniter.php(507): CodeIgniter\CodeIgniter->runController(Object(App\Controllers\Api\PartnerLogoApi))
#4 C:\xampp\htdocs\PROJECT-SPORTSPACE\sportspace\sportspace\vendor\codeigniter4\framework\system\CodeIgniter.php(354): CodeIgniter\CodeIgniter->handleRequest(NULL, Object(Config\Cache), false)
#5 C:\xampp\htdocs\PROJECT-SPORTSPACE\sportspace\sportspace\vendor\codeigniter4\framework\system\Boot.php(363): CodeIgniter\CodeIgniter->run()
#6 C:\xampp\htdocs\PROJECT-SPORTSPACE\sportspace\sportspace\vendor\codeigniter4\framework\system\Boot.php(68): CodeIgniter\Boot::runCodeIgniter(Object(CodeIgniter\CodeIgniter))
#7 C:\xampp\htdocs\PROJECT-SPORTSPACE\sportspace\sportspace\public\index.php(59): CodeIgniter\Boot::bootWeb(Object(Config\Paths))
#8 C:\xampp\htdocs\PROJECT-SPORTSPACE\sportspace\sportspace\vendor\codeigniter4\framework\system\rewrite.php(44): require_once('C:\\xampp\\htdocs...')
#9 {main}
[Method: GET, Route: api/partner-logo/dynamix]
in SYSTEMPATH\Format\JSONFormatter.php on line 47.
 1 [internal function]: CodeIgniter\Debug\Exceptions->shutdownHandler()
WARNING - 2026-07-07 14:44:29 --> [DEPRECATED] Creation of dynamic property CodeIgniter\HTTP\IncomingRequest::$user is deprecated in APPPATH\Filters\JwtAuth.php on line 29.
 1 SYSTEMPATH\Filters\Filters.php(241): App\Filters\JwtAuth->before(Object(CodeIgniter\HTTP\IncomingRequest), null)
 2 SYSTEMPATH\Filters\Filters.php(221): CodeIgniter\Filters\Filters->runBefore([...])
 3 SYSTEMPATH\CodeIgniter.php(479): CodeIgniter\Filters\Filters->run('api/booking', 'before')
 4 SYSTEMPATH\CodeIgniter.php(354): CodeIgniter\CodeIgniter->handleRequest(null, Object(Config\Cache), false)
 5 SYSTEMPATH\Boot.php(363): CodeIgniter\CodeIgniter->run()
 6 SYSTEMPATH\Boot.php(68): CodeIgniter\Boot::runCodeIgniter(Object(CodeIgniter\CodeIgniter))
 7 FCPATH\index.php(59): CodeIgniter\Boot::bootWeb(Object(Config\Paths))
 8 SYSTEMPATH\rewrite.php(44): require_once('C:\\xampp\\htdocs\\PROJECT-SPORTSPACE\\sportspace\\sportspace\\public\\index.php')
WARNING - 2026-07-07 14:44:31 --> [DEPRECATED] Creation of dynamic property CodeIgniter\HTTP\IncomingRequest::$user is deprecated in APPPATH\Filters\JwtAuth.php on line 29.
 1 SYSTEMPATH\Filters\Filters.php(241): App\Filters\JwtAuth->before(Object(CodeIgniter\HTTP\IncomingRequest), null)
 2 SYSTEMPATH\Filters\Filters.php(221): CodeIgniter\Filters\Filters->runBefore([...])
 3 SYSTEMPATH\CodeIgniter.php(479): CodeIgniter\Filters\Filters->run('api/booking', 'before')
 4 SYSTEMPATH\CodeIgniter.php(354): CodeIgniter\CodeIgniter->handleRequest(null, Object(Config\Cache), false)
 5 SYSTEMPATH\Boot.php(363): CodeIgniter\CodeIgniter->run()
 6 SYSTEMPATH\Boot.php(68): CodeIgniter\Boot::runCodeIgniter(Object(CodeIgniter\CodeIgniter))
 7 FCPATH\index.php(59): CodeIgniter\Boot::bootWeb(Object(Config\Paths))
 8 SYSTEMPATH\rewrite.php(44): require_once('C:\\xampp\\htdocs\\PROJECT-SPORTSPACE\\sportspace\\sportspace\\public\\index.php')
WARNING - 2026-07-07 14:44:46 --> [DEPRECATED] Creation of dynamic property CodeIgniter\HTTP\IncomingRequest::$user is deprecated in APPPATH\Filters\JwtAuth.php on line 29.
 1 SYSTEMPATH\Filters\Filters.php(241): App\Filters\JwtAuth->before(Object(CodeIgniter\HTTP\IncomingRequest), null)
 2 SYSTEMPATH\Filters\Filters.php(221): CodeIgniter\Filters\Filters->runBefore([...])
 3 SYSTEMPATH\CodeIgniter.php(479): CodeIgniter\Filters\Filters->run('api/booking', 'before')
 4 SYSTEMPATH\CodeIgniter.php(354): CodeIgniter\CodeIgniter->handleRequest(null, Object(Config\Cache), false)
 5 SYSTEMPATH\Boot.php(363): CodeIgniter\CodeIgniter->run()
 6 SYSTEMPATH\Boot.php(68): CodeIgniter\Boot::runCodeIgniter(Object(CodeIgniter\CodeIgniter))
 7 FCPATH\index.php(59): CodeIgniter\Boot::bootWeb(Object(Config\Paths))
 8 SYSTEMPATH\rewrite.php(44): require_once('C:\\xampp\\htdocs\\PROJECT-SPORTSPACE\\sportspace\\sportspace\\public\\index.php')
WARNING - 2026-07-07 14:44:48 --> [DEPRECATED] Creation of dynamic property CodeIgniter\HTTP\IncomingRequest::$user is deprecated in APPPATH\Filters\JwtAuth.php on line 29.
 1 SYSTEMPATH\Filters\Filters.php(241): App\Filters\JwtAuth->before(Object(CodeIgniter\HTTP\IncomingRequest), null)
 2 SYSTEMPATH\Filters\Filters.php(221): CodeIgniter\Filters\Filters->runBefore([...])
 3 SYSTEMPATH\CodeIgniter.php(479): CodeIgniter\Filters\Filters->run('api/booking', 'before')
 4 SYSTEMPATH\CodeIgniter.php(354): CodeIgniter\CodeIgniter->handleRequest(null, Object(Config\Cache), false)
 5 SYSTEMPATH\Boot.php(363): CodeIgniter\CodeIgniter->run()
 6 SYSTEMPATH\Boot.php(68): CodeIgniter\Boot::runCodeIgniter(Object(CodeIgniter\CodeIgniter))
 7 FCPATH\index.php(59): CodeIgniter\Boot::bootWeb(Object(Config\Paths))
 8 SYSTEMPATH\rewrite.php(44): require_once('C:\\xampp\\htdocs\\PROJECT-SPORTSPACE\\sportspace\\sportspace\\public\\index.php')
WARNING - 2026-07-07 14:44:50 --> [DEPRECATED] Creation of dynamic property CodeIgniter\HTTP\IncomingRequest::$user is deprecated in APPPATH\Filters\JwtAuth.php on line 29.
 1 SYSTEMPATH\Filters\Filters.php(241): App\Filters\JwtAuth->before(Object(CodeIgniter\HTTP\IncomingRequest), null)
 2 SYSTEMPATH\Filters\Filters.php(221): CodeIgniter\Filters\Filters->runBefore([...])
 3 SYSTEMPATH\CodeIgniter.php(479): CodeIgniter\Filters\Filters->run('api/booking', 'before')
 4 SYSTEMPATH\CodeIgniter.php(354): CodeIgniter\CodeIgniter->handleRequest(null, Object(Config\Cache), false)
 5 SYSTEMPATH\Boot.php(363): CodeIgniter\CodeIgniter->run()
 6 SYSTEMPATH\Boot.php(68): CodeIgniter\Boot::runCodeIgniter(Object(CodeIgniter\CodeIgniter))
 7 FCPATH\index.php(59): CodeIgniter\Boot::bootWeb(Object(Config\Paths))
 8 SYSTEMPATH\rewrite.php(44): require_once('C:\\xampp\\htdocs\\PROJECT-SPORTSPACE\\sportspace\\sportspace\\public\\index.php')
WARNING - 2026-07-07 14:45:02 --> [DEPRECATED] Creation of dynamic property CodeIgniter\HTTP\IncomingRequest::$user is deprecated in APPPATH\Filters\JwtAuth.php on line 29.
 1 SYSTEMPATH\Filters\Filters.php(241): App\Filters\JwtAuth->before(Object(CodeIgniter\HTTP\IncomingRequest), null)
 2 SYSTEMPATH\Filters\Filters.php(221): CodeIgniter\Filters\Filters->runBefore([...])
 3 SYSTEMPATH\CodeIgniter.php(479): CodeIgniter\Filters\Filters->run('api/booking', 'before')
 4 SYSTEMPATH\CodeIgniter.php(354): CodeIgniter\CodeIgniter->handleRequest(null, Object(Config\Cache), false)
 5 SYSTEMPATH\Boot.php(363): CodeIgniter\CodeIgniter->run()
 6 SYSTEMPATH\Boot.php(68): CodeIgniter\Boot::runCodeIgniter(Object(CodeIgniter\CodeIgniter))
 7 FCPATH\index.php(59): CodeIgniter\Boot::bootWeb(Object(Config\Paths))
 8 SYSTEMPATH\rewrite.php(44): require_once('C:\\xampp\\htdocs\\PROJECT-SPORTSPACE\\sportspace\\sportspace\\public\\index.php')
WARNING - 2026-07-07 14:45:04 --> [DEPRECATED] Creation of dynamic property CodeIgniter\HTTP\IncomingRequest::$user is deprecated in APPPATH\Filters\JwtAuth.php on line 29.
 1 SYSTEMPATH\Filters\Filters.php(241): App\Filters\JwtAuth->before(Object(CodeIgniter\HTTP\IncomingRequest), null)
 2 SYSTEMPATH\Filters\Filters.php(221): CodeIgniter\Filters\Filters->runBefore([...])
 3 SYSTEMPATH\CodeIgniter.php(479): CodeIgniter\Filters\Filters->run('api/booking', 'before')
 4 SYSTEMPATH\CodeIgniter.php(354): CodeIgniter\CodeIgniter->handleRequest(null, Object(Config\Cache), false)
 5 SYSTEMPATH\Boot.php(363): CodeIgniter\CodeIgniter->run()
 6 SYSTEMPATH\Boot.php(68): CodeIgniter\Boot::runCodeIgniter(Object(CodeIgniter\CodeIgniter))
 7 FCPATH\index.php(59): CodeIgniter\Boot::bootWeb(Object(Config\Paths))
 8 SYSTEMPATH\rewrite.php(44): require_once('C:\\xampp\\htdocs\\PROJECT-SPORTSPACE\\sportspace\\sportspace\\public\\index.php')
CRITICAL - 2026-07-07 16:08:00 --> ValueError: Path cannot be empty
[Method: GET, Route: api/partner-logo/dynamix]
in APPPATH\Controllers\Api\PartnerLogoApi.php on line 63.
 1 APPPATH\Controllers\Api\PartnerLogoApi.php(63): file_get_contents('', false, resource (stream-context))
 2 APPPATH\Controllers\Api\PartnerLogoApi.php(28): App\Controllers\Api\PartnerLogoApi->fetchUrl('')
 3 SYSTEMPATH\CodeIgniter.php(933): App\Controllers\Api\PartnerLogoApi->serve('dynamix')
 4 SYSTEMPATH\CodeIgniter.php(507): CodeIgniter\CodeIgniter->runController(Object(App\Controllers\Api\PartnerLogoApi))
 5 SYSTEMPATH\CodeIgniter.php(354): CodeIgniter\CodeIgniter->handleRequest(null, Object(Config\Cache), false)
 6 SYSTEMPATH\Boot.php(363): CodeIgniter\CodeIgniter->run()
 7 SYSTEMPATH\Boot.php(68): CodeIgniter\Boot::runCodeIgniter(Object(CodeIgniter\CodeIgniter))
 8 FCPATH\index.php(59): CodeIgniter\Boot::bootWeb(Object(Config\Paths))
 9 SYSTEMPATH\rewrite.php(44): require_once('C:\\xampp\\htdocs\\PROJECT-SPORTSPACE\\sportspace\\sportspace\\public\\index.php')
CRITICAL - 2026-07-07 16:08:00 --> ErrorException: Uncaught CodeIgniter\Format\Exceptions\FormatException: Failed to parse JSON string. Error: Type is not supported in C:\xampp\htdocs\PROJECT-SPORTSPACE\sportspace\sportspace\vendor\codeigniter4\framework\system\Format\JSONFormatter.php:47
Stack trace:
#0 C:\xampp\htdocs\PROJECT-SPORTSPACE\sportspace\sportspace\vendor\codeigniter4\framework\system\Format\JSONFormatter.php(47): CodeIgniter\Format\Exceptions\FormatException::forInvalidJSON('Type is not sup...')
#1 C:\xampp\htdocs\PROJECT-SPORTSPACE\sportspace\sportspace\vendor\codeigniter4\framework\system\API\ResponseTrait.php(347): CodeIgniter\Format\JSONFormatter->format(Array)
#2 C:\xampp\htdocs\PROJECT-SPORTSPACE\sportspace\sportspace\vendor\codeigniter4\framework\system\API\ResponseTrait.php(106): CodeIgniter\Debug\ExceptionHandler->format(Array)
#3 C:\xampp\htdocs\PROJECT-SPORTSPACE\sportspace\sportspace\vendor\codeigniter4\framework\system\Debug\ExceptionHandler.php(85): CodeIgniter\Debug\ExceptionHandler->respond(Array, 500)
#4 C:\xampp\htdocs\PROJECT-SPORTSPACE\sportspace\sportspace\vendor\codeigniter4\framework\system\Debug\Exceptions.php(162): CodeIgniter\Debug\ExceptionHandler->handle(Object(ValueError), Object(CodeIgniter\HTTP\IncomingRequest), Object(CodeIgniter\HTTP\Response), 500, 1)
#5 [internal function]: CodeIgniter\Debug\Exceptions->exceptionHandler(Object(ValueError))
#6 {main}
  thrown
【Previous Exception】
ValueError
Path cannot be empty
#0 C:\xampp\htdocs\PROJECT-SPORTSPACE\sportspace\sportspace\app\Controllers\Api\PartnerLogoApi.php(63): file_get_contents('', false, Resource id #9)
#1 C:\xampp\htdocs\PROJECT-SPORTSPACE\sportspace\sportspace\app\Controllers\Api\PartnerLogoApi.php(28): App\Controllers\Api\PartnerLogoApi->fetchUrl('')
#2 C:\xampp\htdocs\PROJECT-SPORTSPACE\sportspace\sportspace\vendor\codeigniter4\framework\system\CodeIgniter.php(933): App\Controllers\Api\PartnerLogoApi->serve('dynamix')
#3 C:\xampp\htdocs\PROJECT-SPORTSPACE\sportspace\sportspace\vendor\codeigniter4\framework\system\CodeIgniter.php(507): CodeIgniter\CodeIgniter->runController(Object(App\Controllers\Api\PartnerLogoApi))
#4 C:\xampp\htdocs\PROJECT-SPORTSPACE\sportspace\sportspace\vendor\codeigniter4\framework\system\CodeIgniter.php(354): CodeIgniter\CodeIgniter->handleRequest(NULL, Object(Config\Cache), false)
#5 C:\xampp\htdocs\PROJECT-SPORTSPACE\sportspace\sportspace\vendor\codeigniter4\framework\system\Boot.php(363): CodeIgniter\CodeIgniter->run()
#6 C:\xampp\htdocs\PROJECT-SPORTSPACE\sportspace\sportspace\vendor\codeigniter4\framework\system\Boot.php(68): CodeIgniter\Boot::runCodeIgniter(Object(CodeIgniter\CodeIgniter))
#7 C:\xampp\htdocs\PROJECT-SPORTSPACE\sportspace\sportspace\public\index.php(59): CodeIgniter\Boot::bootWeb(Object(Config\Paths))
#8 C:\xampp\htdocs\PROJECT-SPORTSPACE\sportspace\sportspace\vendor\codeigniter4\framework\system\rewrite.php(44): require_once('C:\\xampp\\htdocs...')
#9 {main}
[Method: GET, Route: api/partner-logo/dynamix]
in SYSTEMPATH\Format\JSONFormatter.php on line 47.
 1 [internal function]: CodeIgniter\Debug\Exceptions->shutdownHandler()
WARNING - 2026-07-07 16:09:11 --> [DEPRECATED] Creation of dynamic property CodeIgniter\HTTP\IncomingRequest::$user is deprecated in APPPATH\Filters\JwtAuth.php on line 29.
 1 SYSTEMPATH\Filters\Filters.php(241): App\Filters\JwtAuth->before(Object(CodeIgniter\HTTP\IncomingRequest), null)
 2 SYSTEMPATH\Filters\Filters.php(221): CodeIgniter\Filters\Filters->runBefore([...])
 3 SYSTEMPATH\CodeIgniter.php(479): CodeIgniter\Filters\Filters->run('api/booking', 'before')
 4 SYSTEMPATH\CodeIgniter.php(354): CodeIgniter\CodeIgniter->handleRequest(null, Object(Config\Cache), false)
 5 SYSTEMPATH\Boot.php(363): CodeIgniter\CodeIgniter->run()
 6 SYSTEMPATH\Boot.php(68): CodeIgniter\Boot::runCodeIgniter(Object(CodeIgniter\CodeIgniter))
 7 FCPATH\index.php(59): CodeIgniter\Boot::bootWeb(Object(Config\Paths))
 8 SYSTEMPATH\rewrite.php(44): require_once('C:\\xampp\\htdocs\\PROJECT-SPORTSPACE\\sportspace\\sportspace\\public\\index.php')
WARNING - 2026-07-07 16:09:13 --> [DEPRECATED] Creation of dynamic property CodeIgniter\HTTP\IncomingRequest::$user is deprecated in APPPATH\Filters\JwtAuth.php on line 29.
 1 SYSTEMPATH\Filters\Filters.php(241): App\Filters\JwtAuth->before(Object(CodeIgniter\HTTP\IncomingRequest), null)
 2 SYSTEMPATH\Filters\Filters.php(221): CodeIgniter\Filters\Filters->runBefore([...])
 3 SYSTEMPATH\CodeIgniter.php(479): CodeIgniter\Filters\Filters->run('api/booking', 'before')
 4 SYSTEMPATH\CodeIgniter.php(354): CodeIgniter\CodeIgniter->handleRequest(null, Object(Config\Cache), false)
 5 SYSTEMPATH\Boot.php(363): CodeIgniter\CodeIgniter->run()
 6 SYSTEMPATH\Boot.php(68): CodeIgniter\Boot::runCodeIgniter(Object(CodeIgniter\CodeIgniter))
 7 FCPATH\index.php(59): CodeIgniter\Boot::bootWeb(Object(Config\Paths))
 8 SYSTEMPATH\rewrite.php(44): require_once('C:\\xampp\\htdocs\\PROJECT-SPORTSPACE\\sportspace\\sportspace\\public\\index.php')
WARNING - 2026-07-07 16:17:22 --> [DEPRECATED] Creation of dynamic property CodeIgniter\HTTP\IncomingRequest::$user is deprecated in APPPATH\Filters\JwtAuth.php on line 29.
 1 SYSTEMPATH\Filters\Filters.php(241): App\Filters\JwtAuth->before(Object(CodeIgniter\HTTP\IncomingRequest), null)
 2 SYSTEMPATH\Filters\Filters.php(221): CodeIgniter\Filters\Filters->runBefore([...])
 3 SYSTEMPATH\CodeIgniter.php(479): CodeIgniter\Filters\Filters->run('api/booking', 'before')
 4 SYSTEMPATH\CodeIgniter.php(354): CodeIgniter\CodeIgniter->handleRequest(null, Object(Config\Cache), false)
 5 SYSTEMPATH\Boot.php(363): CodeIgniter\CodeIgniter->run()
 6 SYSTEMPATH\Boot.php(68): CodeIgniter\Boot::runCodeIgniter(Object(CodeIgniter\CodeIgniter))
 7 FCPATH\index.php(59): CodeIgniter\Boot::bootWeb(Object(Config\Paths))
 8 SYSTEMPATH\rewrite.php(44): require_once('C:\\xampp\\htdocs\\PROJECT-SPORTSPACE\\sportspace\\sportspace\\public\\index.php')
WARNING - 2026-07-07 16:17:25 --> [DEPRECATED] Creation of dynamic property CodeIgniter\HTTP\IncomingRequest::$user is deprecated in APPPATH\Filters\JwtAuth.php on line 29.
 1 SYSTEMPATH\Filters\Filters.php(241): App\Filters\JwtAuth->before(Object(CodeIgniter\HTTP\IncomingRequest), null)
 2 SYSTEMPATH\Filters\Filters.php(221): CodeIgniter\Filters\Filters->runBefore([...])
 3 SYSTEMPATH\CodeIgniter.php(479): CodeIgniter\Filters\Filters->run('api/booking', 'before')
 4 SYSTEMPATH\CodeIgniter.php(354): CodeIgniter\CodeIgniter->handleRequest(null, Object(Config\Cache), false)
 5 SYSTEMPATH\Boot.php(363): CodeIgniter\CodeIgniter->run()
 6 SYSTEMPATH\Boot.php(68): CodeIgniter\Boot::runCodeIgniter(Object(CodeIgniter\CodeIgniter))
 7 FCPATH\index.php(59): CodeIgniter\Boot::bootWeb(Object(Config\Paths))
 8 SYSTEMPATH\rewrite.php(44): require_once('C:\\xampp\\htdocs\\PROJECT-SPORTSPACE\\sportspace\\sportspace\\public\\index.php')
CRITICAL - 2026-07-07 16:21:01 --> ValueError: Path cannot be empty
[Method: GET, Route: api/partner-logo/dynamix]
in APPPATH\Controllers\Api\PartnerLogoApi.php on line 63.
 1 APPPATH\Controllers\Api\PartnerLogoApi.php(63): file_get_contents('', false, resource (stream-context))
 2 APPPATH\Controllers\Api\PartnerLogoApi.php(28): App\Controllers\Api\PartnerLogoApi->fetchUrl('')
 3 SYSTEMPATH\CodeIgniter.php(933): App\Controllers\Api\PartnerLogoApi->serve('dynamix')
 4 SYSTEMPATH\CodeIgniter.php(507): CodeIgniter\CodeIgniter->runController(Object(App\Controllers\Api\PartnerLogoApi))
 5 SYSTEMPATH\CodeIgniter.php(354): CodeIgniter\CodeIgniter->handleRequest(null, Object(Config\Cache), false)
 6 SYSTEMPATH\Boot.php(363): CodeIgniter\CodeIgniter->run()
 7 SYSTEMPATH\Boot.php(68): CodeIgniter\Boot::runCodeIgniter(Object(CodeIgniter\CodeIgniter))
 8 FCPATH\index.php(59): CodeIgniter\Boot::bootWeb(Object(Config\Paths))
 9 SYSTEMPATH\rewrite.php(44): require_once('C:\\xampp\\htdocs\\PROJECT-SPORTSPACE\\sportspace\\sportspace\\public\\index.php')
CRITICAL - 2026-07-07 16:21:01 --> ErrorException: Uncaught CodeIgniter\Format\Exceptions\FormatException: Failed to parse JSON string. Error: Type is not supported in C:\xampp\htdocs\PROJECT-SPORTSPACE\sportspace\sportspace\vendor\codeigniter4\framework\system\Format\JSONFormatter.php:47
Stack trace:
#0 C:\xampp\htdocs\PROJECT-SPORTSPACE\sportspace\sportspace\vendor\codeigniter4\framework\system\Format\JSONFormatter.php(47): CodeIgniter\Format\Exceptions\FormatException::forInvalidJSON('Type is not sup...')
#1 C:\xampp\htdocs\PROJECT-SPORTSPACE\sportspace\sportspace\vendor\codeigniter4\framework\system\API\ResponseTrait.php(347): CodeIgniter\Format\JSONFormatter->format(Array)
#2 C:\xampp\htdocs\PROJECT-SPORTSPACE\sportspace\sportspace\vendor\codeigniter4\framework\system\API\ResponseTrait.php(106): CodeIgniter\Debug\ExceptionHandler->format(Array)
#3 C:\xampp\htdocs\PROJECT-SPORTSPACE\sportspace\sportspace\vendor\codeigniter4\framework\system\Debug\ExceptionHandler.php(85): CodeIgniter\Debug\ExceptionHandler->respond(Array, 500)
#4 C:\xampp\htdocs\PROJECT-SPORTSPACE\sportspace\sportspace\vendor\codeigniter4\framework\system\Debug\Exceptions.php(162): CodeIgniter\Debug\ExceptionHandler->handle(Object(ValueError), Object(CodeIgniter\HTTP\IncomingRequest), Object(CodeIgniter\HTTP\Response), 500, 1)
#5 [internal function]: CodeIgniter\Debug\Exceptions->exceptionHandler(Object(ValueError))
#6 {main}
  thrown
【Previous Exception】
ValueError
Path cannot be empty
#0 C:\xampp\htdocs\PROJECT-SPORTSPACE\sportspace\sportspace\app\Controllers\Api\PartnerLogoApi.php(63): file_get_contents('', false, Resource id #9)
#1 C:\xampp\htdocs\PROJECT-SPORTSPACE\sportspace\sportspace\app\Controllers\Api\PartnerLogoApi.php(28): App\Controllers\Api\PartnerLogoApi->fetchUrl('')
#2 C:\xampp\htdocs\PROJECT-SPORTSPACE\sportspace\sportspace\vendor\codeigniter4\framework\system\CodeIgniter.php(933): App\Controllers\Api\PartnerLogoApi->serve('dynamix')
#3 C:\xampp\htdocs\PROJECT-SPORTSPACE\sportspace\sportspace\vendor\codeigniter4\framework\system\CodeIgniter.php(507): CodeIgniter\CodeIgniter->runController(Object(App\Controllers\Api\PartnerLogoApi))
#4 C:\xampp\htdocs\PROJECT-SPORTSPACE\sportspace\sportspace\vendor\codeigniter4\framework\system\CodeIgniter.php(354): CodeIgniter\CodeIgniter->handleRequest(NULL, Object(Config\Cache), false)
#5 C:\xampp\htdocs\PROJECT-SPORTSPACE\sportspace\sportspace\vendor\codeigniter4\framework\system\Boot.php(363): CodeIgniter\CodeIgniter->run()
#6 C:\xampp\htdocs\PROJECT-SPORTSPACE\sportspace\sportspace\vendor\codeigniter4\framework\system\Boot.php(68): CodeIgniter\Boot::runCodeIgniter(Object(CodeIgniter\CodeIgniter))
#7 C:\xampp\htdocs\PROJECT-SPORTSPACE\sportspace\sportspace\public\index.php(59): CodeIgniter\Boot::bootWeb(Object(Config\Paths))
#8 C:\xampp\htdocs\PROJECT-SPORTSPACE\sportspace\sportspace\vendor\codeigniter4\framework\system\rewrite.php(44): require_once('C:\\xampp\\htdocs...')
#9 {main}
[Method: GET, Route: api/partner-logo/dynamix]
in SYSTEMPATH\Format\JSONFormatter.php on line 47.
 1 [internal function]: CodeIgniter\Debug\Exceptions->shutdownHandler()
WARNING - 2026-07-07 16:21:04 --> [DEPRECATED] Creation of dynamic property CodeIgniter\HTTP\IncomingRequest::$user is deprecated in APPPATH\Filters\JwtAuth.php on line 29.
 1 SYSTEMPATH\Filters\Filters.php(241): App\Filters\JwtAuth->before(Object(CodeIgniter\HTTP\IncomingRequest), null)
 2 SYSTEMPATH\Filters\Filters.php(221): CodeIgniter\Filters\Filters->runBefore([...])
 3 SYSTEMPATH\CodeIgniter.php(479): CodeIgniter\Filters\Filters->run('api/booking', 'before')
 4 SYSTEMPATH\CodeIgniter.php(354): CodeIgniter\CodeIgniter->handleRequest(null, Object(Config\Cache), false)
 5 SYSTEMPATH\Boot.php(363): CodeIgniter\CodeIgniter->run()
 6 SYSTEMPATH\Boot.php(68): CodeIgniter\Boot::runCodeIgniter(Object(CodeIgniter\CodeIgniter))
 7 FCPATH\index.php(59): CodeIgniter\Boot::bootWeb(Object(Config\Paths))
 8 SYSTEMPATH\rewrite.php(44): require_once('C:\\xampp\\htdocs\\PROJECT-SPORTSPACE\\sportspace\\sportspace\\public\\index.php')
WARNING - 2026-07-07 16:21:06 --> [DEPRECATED] Creation of dynamic property CodeIgniter\HTTP\IncomingRequest::$user is deprecated in APPPATH\Filters\JwtAuth.php on line 29.
 1 SYSTEMPATH\Filters\Filters.php(241): App\Filters\JwtAuth->before(Object(CodeIgniter\HTTP\IncomingRequest), null)
 2 SYSTEMPATH\Filters\Filters.php(221): CodeIgniter\Filters\Filters->runBefore([...])
 3 SYSTEMPATH\CodeIgniter.php(479): CodeIgniter\Filters\Filters->run('api/booking', 'before')
 4 SYSTEMPATH\CodeIgniter.php(354): CodeIgniter\CodeIgniter->handleRequest(null, Object(Config\Cache), false)
 5 SYSTEMPATH\Boot.php(363): CodeIgniter\CodeIgniter->run()
 6 SYSTEMPATH\Boot.php(68): CodeIgniter\Boot::runCodeIgniter(Object(CodeIgniter\CodeIgniter))
 7 FCPATH\index.php(59): CodeIgniter\Boot::bootWeb(Object(Config\Paths))
 8 SYSTEMPATH\rewrite.php(44): require_once('C:\\xampp\\htdocs\\PROJECT-SPORTSPACE\\sportspace\\sportspace\\public\\index.php')
WARNING - 2026-07-07 16:21:27 --> [DEPRECATED] Creation of dynamic property CodeIgniter\HTTP\IncomingRequest::$user is deprecated in APPPATH\Filters\JwtAuth.php on line 29.
 1 SYSTEMPATH\Filters\Filters.php(241): App\Filters\JwtAuth->before(Object(CodeIgniter\HTTP\IncomingRequest), null)
 2 SYSTEMPATH\Filters\Filters.php(221): CodeIgniter\Filters\Filters->runBefore([...])
 3 SYSTEMPATH\CodeIgniter.php(479): CodeIgniter\Filters\Filters->run('api/booking', 'before')
 4 SYSTEMPATH\CodeIgniter.php(354): CodeIgniter\CodeIgniter->handleRequest(null, Object(Config\Cache), false)
 5 SYSTEMPATH\Boot.php(363): CodeIgniter\CodeIgniter->run()
 6 SYSTEMPATH\Boot.php(68): CodeIgniter\Boot::runCodeIgniter(Object(CodeIgniter\CodeIgniter))
 7 FCPATH\index.php(59): CodeIgniter\Boot::bootWeb(Object(Config\Paths))
 8 SYSTEMPATH\rewrite.php(44): require_once('C:\\xampp\\htdocs\\PROJECT-SPORTSPACE\\sportspace\\sportspace\\public\\index.php')
WARNING - 2026-07-07 16:21:29 --> [DEPRECATED] Creation of dynamic property CodeIgniter\HTTP\IncomingRequest::$user is deprecated in APPPATH\Filters\JwtAuth.php on line 29.
 1 SYSTEMPATH\Filters\Filters.php(241): App\Filters\JwtAuth->before(Object(CodeIgniter\HTTP\IncomingRequest), null)
 2 SYSTEMPATH\Filters\Filters.php(221): CodeIgniter\Filters\Filters->runBefore([...])
 3 SYSTEMPATH\CodeIgniter.php(479): CodeIgniter\Filters\Filters->run('api/booking', 'before')
 4 SYSTEMPATH\CodeIgniter.php(354): CodeIgniter\CodeIgniter->handleRequest(null, Object(Config\Cache), false)
 5 SYSTEMPATH\Boot.php(363): CodeIgniter\CodeIgniter->run()
 6 SYSTEMPATH\Boot.php(68): CodeIgniter\Boot::runCodeIgniter(Object(CodeIgniter\CodeIgniter))
 7 FCPATH\index.php(59): CodeIgniter\Boot::bootWeb(Object(Config\Paths))
 8 SYSTEMPATH\rewrite.php(44): require_once('C:\\xampp\\htdocs\\PROJECT-SPORTSPACE\\sportspace\\sportspace\\public\\index.php')
CRITICAL - 2026-07-07 17:01:18 --> ValueError: Path cannot be empty
[Method: GET, Route: api/partner-logo/dynamix]
in APPPATH\Controllers\Api\PartnerLogoApi.php on line 63.
 1 APPPATH\Controllers\Api\PartnerLogoApi.php(63): file_get_contents('', false, resource (stream-context))
 2 APPPATH\Controllers\Api\PartnerLogoApi.php(28): App\Controllers\Api\PartnerLogoApi->fetchUrl('')
 3 SYSTEMPATH\CodeIgniter.php(933): App\Controllers\Api\PartnerLogoApi->serve('dynamix')
 4 SYSTEMPATH\CodeIgniter.php(507): CodeIgniter\CodeIgniter->runController(Object(App\Controllers\Api\PartnerLogoApi))
 5 SYSTEMPATH\CodeIgniter.php(354): CodeIgniter\CodeIgniter->handleRequest(null, Object(Config\Cache), false)
 6 SYSTEMPATH\Boot.php(363): CodeIgniter\CodeIgniter->run()
 7 SYSTEMPATH\Boot.php(68): CodeIgniter\Boot::runCodeIgniter(Object(CodeIgniter\CodeIgniter))
 8 FCPATH\index.php(59): CodeIgniter\Boot::bootWeb(Object(Config\Paths))
 9 SYSTEMPATH\rewrite.php(44): require_once('C:\\xampp\\htdocs\\PROJECT-SPORTSPACE\\sportspace\\sportspace\\public\\index.php')
CRITICAL - 2026-07-07 17:01:18 --> ErrorException: Uncaught CodeIgniter\Format\Exceptions\FormatException: Failed to parse JSON string. Error: Type is not supported in C:\xampp\htdocs\PROJECT-SPORTSPACE\sportspace\sportspace\vendor\codeigniter4\framework\system\Format\JSONFormatter.php:47
Stack trace:
#0 C:\xampp\htdocs\PROJECT-SPORTSPACE\sportspace\sportspace\vendor\codeigniter4\framework\system\Format\JSONFormatter.php(47): CodeIgniter\Format\Exceptions\FormatException::forInvalidJSON('Type is not sup...')
#1 C:\xampp\htdocs\PROJECT-SPORTSPACE\sportspace\sportspace\vendor\codeigniter4\framework\system\API\ResponseTrait.php(347): CodeIgniter\Format\JSONFormatter->format(Array)
#2 C:\xampp\htdocs\PROJECT-SPORTSPACE\sportspace\sportspace\vendor\codeigniter4\framework\system\API\ResponseTrait.php(106): CodeIgniter\Debug\ExceptionHandler->format(Array)
#3 C:\xampp\htdocs\PROJECT-SPORTSPACE\sportspace\sportspace\vendor\codeigniter4\framework\system\Debug\ExceptionHandler.php(85): CodeIgniter\Debug\ExceptionHandler->respond(Array, 500)
#4 C:\xampp\htdocs\PROJECT-SPORTSPACE\sportspace\sportspace\vendor\codeigniter4\framework\system\Debug\Exceptions.php(162): CodeIgniter\Debug\ExceptionHandler->handle(Object(ValueError), Object(CodeIgniter\HTTP\IncomingRequest), Object(CodeIgniter\HTTP\Response), 500, 1)
#5 [internal function]: CodeIgniter\Debug\Exceptions->exceptionHandler(Object(ValueError))
#6 {main}
  thrown
【Previous Exception】
ValueError
Path cannot be empty
#0 C:\xampp\htdocs\PROJECT-SPORTSPACE\sportspace\sportspace\app\Controllers\Api\PartnerLogoApi.php(63): file_get_contents('', false, Resource id #9)
#1 C:\xampp\htdocs\PROJECT-SPORTSPACE\sportspace\sportspace\app\Controllers\Api\PartnerLogoApi.php(28): App\Controllers\Api\PartnerLogoApi->fetchUrl('')
#2 C:\xampp\htdocs\PROJECT-SPORTSPACE\sportspace\sportspace\vendor\codeigniter4\framework\system\CodeIgniter.php(933): App\Controllers\Api\PartnerLogoApi->serve('dynamix')
#3 C:\xampp\htdocs\PROJECT-SPORTSPACE\sportspace\sportspace\vendor\codeigniter4\framework\system\CodeIgniter.php(507): CodeIgniter\CodeIgniter->runController(Object(App\Controllers\Api\PartnerLogoApi))
#4 C:\xampp\htdocs\PROJECT-SPORTSPACE\sportspace\sportspace\vendor\codeigniter4\framework\system\CodeIgniter.php(354): CodeIgniter\CodeIgniter->handleRequest(NULL, Object(Config\Cache), false)
#5 C:\xampp\htdocs\PROJECT-SPORTSPACE\sportspace\sportspace\vendor\codeigniter4\framework\system\Boot.php(363): CodeIgniter\CodeIgniter->run()
#6 C:\xampp\htdocs\PROJECT-SPORTSPACE\sportspace\sportspace\vendor\codeigniter4\framework\system\Boot.php(68): CodeIgniter\Boot::runCodeIgniter(Object(CodeIgniter\CodeIgniter))
#7 C:\xampp\htdocs\PROJECT-SPORTSPACE\sportspace\sportspace\public\index.php(59): CodeIgniter\Boot::bootWeb(Object(Config\Paths))
#8 C:\xampp\htdocs\PROJECT-SPORTSPACE\sportspace\sportspace\vendor\codeigniter4\framework\system\rewrite.php(44): require_once('C:\\xampp\\htdocs...')
#9 {main}
[Method: GET, Route: api/partner-logo/dynamix]
in SYSTEMPATH\Format\JSONFormatter.php on line 47.
 1 [internal function]: CodeIgniter\Debug\Exceptions->shutdownHandler()
WARNING - 2026-07-07 17:01:21 --> [DEPRECATED] Creation of dynamic property CodeIgniter\HTTP\IncomingRequest::$user is deprecated in APPPATH\Filters\JwtAuth.php on line 29.
 1 SYSTEMPATH\Filters\Filters.php(241): App\Filters\JwtAuth->before(Object(CodeIgniter\HTTP\IncomingRequest), null)
 2 SYSTEMPATH\Filters\Filters.php(221): CodeIgniter\Filters\Filters->runBefore([...])
 3 SYSTEMPATH\CodeIgniter.php(479): CodeIgniter\Filters\Filters->run('api/booking', 'before')
 4 SYSTEMPATH\CodeIgniter.php(354): CodeIgniter\CodeIgniter->handleRequest(null, Object(Config\Cache), false)
 5 SYSTEMPATH\Boot.php(363): CodeIgniter\CodeIgniter->run()
 6 SYSTEMPATH\Boot.php(68): CodeIgniter\Boot::runCodeIgniter(Object(CodeIgniter\CodeIgniter))
 7 FCPATH\index.php(59): CodeIgniter\Boot::bootWeb(Object(Config\Paths))
 8 SYSTEMPATH\rewrite.php(44): require_once('C:\\xampp\\htdocs\\PROJECT-SPORTSPACE\\sportspace\\sportspace\\public\\index.php')
WARNING - 2026-07-07 17:01:23 --> [DEPRECATED] Creation of dynamic property CodeIgniter\HTTP\IncomingRequest::$user is deprecated in APPPATH\Filters\JwtAuth.php on line 29.
 1 SYSTEMPATH\Filters\Filters.php(241): App\Filters\JwtAuth->before(Object(CodeIgniter\HTTP\IncomingRequest), null)
 2 SYSTEMPATH\Filters\Filters.php(221): CodeIgniter\Filters\Filters->runBefore([...])
 3 SYSTEMPATH\CodeIgniter.php(479): CodeIgniter\Filters\Filters->run('api/booking', 'before')
 4 SYSTEMPATH\CodeIgniter.php(354): CodeIgniter\CodeIgniter->handleRequest(null, Object(Config\Cache), false)
 5 SYSTEMPATH\Boot.php(363): CodeIgniter\CodeIgniter->run()
 6 SYSTEMPATH\Boot.php(68): CodeIgniter\Boot::runCodeIgniter(Object(CodeIgniter\CodeIgniter))
 7 FCPATH\index.php(59): CodeIgniter\Boot::bootWeb(Object(Config\Paths))
 8 SYSTEMPATH\rewrite.php(44): require_once('C:\\xampp\\htdocs\\PROJECT-SPORTSPACE\\sportspace\\sportspace\\public\\index.php')
CRITICAL - 2026-07-07 17:03:36 --> ValueError: Path cannot be empty
[Method: GET, Route: api/partner-logo/dynamix]
in APPPATH\Controllers\Api\PartnerLogoApi.php on line 63.
 1 APPPATH\Controllers\Api\PartnerLogoApi.php(63): file_get_contents('', false, resource (stream-context))
 2 APPPATH\Controllers\Api\PartnerLogoApi.php(28): App\Controllers\Api\PartnerLogoApi->fetchUrl('')
 3 SYSTEMPATH\CodeIgniter.php(933): App\Controllers\Api\PartnerLogoApi->serve('dynamix')
 4 SYSTEMPATH\CodeIgniter.php(507): CodeIgniter\CodeIgniter->runController(Object(App\Controllers\Api\PartnerLogoApi))
 5 SYSTEMPATH\CodeIgniter.php(354): CodeIgniter\CodeIgniter->handleRequest(null, Object(Config\Cache), false)
 6 SYSTEMPATH\Boot.php(363): CodeIgniter\CodeIgniter->run()
 7 SYSTEMPATH\Boot.php(68): CodeIgniter\Boot::runCodeIgniter(Object(CodeIgniter\CodeIgniter))
 8 FCPATH\index.php(59): CodeIgniter\Boot::bootWeb(Object(Config\Paths))
 9 SYSTEMPATH\rewrite.php(44): require_once('C:\\xampp\\htdocs\\PROJECT-SPORTSPACE\\sportspace\\sportspace\\public\\index.php')
CRITICAL - 2026-07-07 17:03:36 --> ErrorException: Uncaught CodeIgniter\Format\Exceptions\FormatException: Failed to parse JSON string. Error: Type is not supported in C:\xampp\htdocs\PROJECT-SPORTSPACE\sportspace\sportspace\vendor\codeigniter4\framework\system\Format\JSONFormatter.php:47
Stack trace:
#0 C:\xampp\htdocs\PROJECT-SPORTSPACE\sportspace\sportspace\vendor\codeigniter4\framework\system\Format\JSONFormatter.php(47): CodeIgniter\Format\Exceptions\FormatException::forInvalidJSON('Type is not sup...')
#1 C:\xampp\htdocs\PROJECT-SPORTSPACE\sportspace\sportspace\vendor\codeigniter4\framework\system\API\ResponseTrait.php(347): CodeIgniter\Format\JSONFormatter->format(Array)
#2 C:\xampp\htdocs\PROJECT-SPORTSPACE\sportspace\sportspace\vendor\codeigniter4\framework\system\API\ResponseTrait.php(106): CodeIgniter\Debug\ExceptionHandler->format(Array)
#3 C:\xampp\htdocs\PROJECT-SPORTSPACE\sportspace\sportspace\vendor\codeigniter4\framework\system\Debug\ExceptionHandler.php(85): CodeIgniter\Debug\ExceptionHandler->respond(Array, 500)
#4 C:\xampp\htdocs\PROJECT-SPORTSPACE\sportspace\sportspace\vendor\codeigniter4\framework\system\Debug\Exceptions.php(162): CodeIgniter\Debug\ExceptionHandler->handle(Object(ValueError), Object(CodeIgniter\HTTP\IncomingRequest), Object(CodeIgniter\HTTP\Response), 500, 1)
#5 [internal function]: CodeIgniter\Debug\Exceptions->exceptionHandler(Object(ValueError))
#6 {main}
  thrown
【Previous Exception】
ValueError
Path cannot be empty
#0 C:\xampp\htdocs\PROJECT-SPORTSPACE\sportspace\sportspace\app\Controllers\Api\PartnerLogoApi.php(63): file_get_contents('', false, Resource id #9)
#1 C:\xampp\htdocs\PROJECT-SPORTSPACE\sportspace\sportspace\app\Controllers\Api\PartnerLogoApi.php(28): App\Controllers\Api\PartnerLogoApi->fetchUrl('')
#2 C:\xampp\htdocs\PROJECT-SPORTSPACE\sportspace\sportspace\vendor\codeigniter4\framework\system\CodeIgniter.php(933): App\Controllers\Api\PartnerLogoApi->serve('dynamix')
#3 C:\xampp\htdocs\PROJECT-SPORTSPACE\sportspace\sportspace\vendor\codeigniter4\framework\system\CodeIgniter.php(507): CodeIgniter\CodeIgniter->runController(Object(App\Controllers\Api\PartnerLogoApi))
#4 C:\xampp\htdocs\PROJECT-SPORTSPACE\sportspace\sportspace\vendor\codeigniter4\framework\system\CodeIgniter.php(354): CodeIgniter\CodeIgniter->handleRequest(NULL, Object(Config\Cache), false)
#5 C:\xampp\htdocs\PROJECT-SPORTSPACE\sportspace\sportspace\vendor\codeigniter4\framework\system\Boot.php(363): CodeIgniter\CodeIgniter->run()
#6 C:\xampp\htdocs\PROJECT-SPORTSPACE\sportspace\sportspace\vendor\codeigniter4\framework\system\Boot.php(68): CodeIgniter\Boot::runCodeIgniter(Object(CodeIgniter\CodeIgniter))
#7 C:\xampp\htdocs\PROJECT-SPORTSPACE\sportspace\sportspace\public\index.php(59): CodeIgniter\Boot::bootWeb(Object(Config\Paths))
#8 C:\xampp\htdocs\PROJECT-SPORTSPACE\sportspace\sportspace\vendor\codeigniter4\framework\system\rewrite.php(44): require_once('C:\\xampp\\htdocs...')
#9 {main}
[Method: GET, Route: api/partner-logo/dynamix]
in SYSTEMPATH\Format\JSONFormatter.php on line 47.
 1 [internal function]: CodeIgniter\Debug\Exceptions->shutdownHandler()
WARNING - 2026-07-07 17:03:41 --> [DEPRECATED] Creation of dynamic property CodeIgniter\HTTP\IncomingRequest::$user is deprecated in APPPATH\Filters\JwtAuth.php on line 29.
 1 SYSTEMPATH\Filters\Filters.php(241): App\Filters\JwtAuth->before(Object(CodeIgniter\HTTP\IncomingRequest), null)
 2 SYSTEMPATH\Filters\Filters.php(221): CodeIgniter\Filters\Filters->runBefore([...])
 3 SYSTEMPATH\CodeIgniter.php(479): CodeIgniter\Filters\Filters->run('api/booking', 'before')
 4 SYSTEMPATH\CodeIgniter.php(354): CodeIgniter\CodeIgniter->handleRequest(null, Object(Config\Cache), false)
 5 SYSTEMPATH\Boot.php(363): CodeIgniter\CodeIgniter->run()
 6 SYSTEMPATH\Boot.php(68): CodeIgniter\Boot::runCodeIgniter(Object(CodeIgniter\CodeIgniter))
 7 FCPATH\index.php(59): CodeIgniter\Boot::bootWeb(Object(Config\Paths))
 8 SYSTEMPATH\rewrite.php(44): require_once('C:\\xampp\\htdocs\\PROJECT-SPORTSPACE\\sportspace\\sportspace\\public\\index.php')
WARNING - 2026-07-07 17:03:43 --> [DEPRECATED] Creation of dynamic property CodeIgniter\HTTP\IncomingRequest::$user is deprecated in APPPATH\Filters\JwtAuth.php on line 29.
 1 SYSTEMPATH\Filters\Filters.php(241): App\Filters\JwtAuth->before(Object(CodeIgniter\HTTP\IncomingRequest), null)
 2 SYSTEMPATH\Filters\Filters.php(221): CodeIgniter\Filters\Filters->runBefore([...])
 3 SYSTEMPATH\CodeIgniter.php(479): CodeIgniter\Filters\Filters->run('api/booking', 'before')
 4 SYSTEMPATH\CodeIgniter.php(354): CodeIgniter\CodeIgniter->handleRequest(null, Object(Config\Cache), false)
 5 SYSTEMPATH\Boot.php(363): CodeIgniter\CodeIgniter->run()
 6 SYSTEMPATH\Boot.php(68): CodeIgniter\Boot::runCodeIgniter(Object(CodeIgniter\CodeIgniter))
 7 FCPATH\index.php(59): CodeIgniter\Boot::bootWeb(Object(Config\Paths))
 8 SYSTEMPATH\rewrite.php(44): require_once('C:\\xampp\\htdocs\\PROJECT-SPORTSPACE\\sportspace\\sportspace\\public\\index.php')
CRITICAL - 2026-07-07 17:05:28 --> ValueError: Path cannot be empty
[Method: GET, Route: api/partner-logo/dynamix]
in APPPATH\Controllers\Api\PartnerLogoApi.php on line 63.
 1 APPPATH\Controllers\Api\PartnerLogoApi.php(63): file_get_contents('', false, resource (stream-context))
 2 APPPATH\Controllers\Api\PartnerLogoApi.php(28): App\Controllers\Api\PartnerLogoApi->fetchUrl('')
 3 SYSTEMPATH\CodeIgniter.php(933): App\Controllers\Api\PartnerLogoApi->serve('dynamix')
 4 SYSTEMPATH\CodeIgniter.php(507): CodeIgniter\CodeIgniter->runController(Object(App\Controllers\Api\PartnerLogoApi))
 5 SYSTEMPATH\CodeIgniter.php(354): CodeIgniter\CodeIgniter->handleRequest(null, Object(Config\Cache), false)
 6 SYSTEMPATH\Boot.php(363): CodeIgniter\CodeIgniter->run()
 7 SYSTEMPATH\Boot.php(68): CodeIgniter\Boot::runCodeIgniter(Object(CodeIgniter\CodeIgniter))
 8 FCPATH\index.php(59): CodeIgniter\Boot::bootWeb(Object(Config\Paths))
 9 SYSTEMPATH\rewrite.php(44): require_once('C:\\xampp\\htdocs\\PROJECT-SPORTSPACE\\sportspace\\sportspace\\public\\index.php')
CRITICAL - 2026-07-07 17:05:28 --> ErrorException: Uncaught CodeIgniter\Format\Exceptions\FormatException: Failed to parse JSON string. Error: Type is not supported in C:\xampp\htdocs\PROJECT-SPORTSPACE\sportspace\sportspace\vendor\codeigniter4\framework\system\Format\JSONFormatter.php:47
Stack trace:
#0 C:\xampp\htdocs\PROJECT-SPORTSPACE\sportspace\sportspace\vendor\codeigniter4\framework\system\Format\JSONFormatter.php(47): CodeIgniter\Format\Exceptions\FormatException::forInvalidJSON('Type is not sup...')
#1 C:\xampp\htdocs\PROJECT-SPORTSPACE\sportspace\sportspace\vendor\codeigniter4\framework\system\API\ResponseTrait.php(347): CodeIgniter\Format\JSONFormatter->format(Array)
#2 C:\xampp\htdocs\PROJECT-SPORTSPACE\sportspace\sportspace\vendor\codeigniter4\framework\system\API\ResponseTrait.php(106): CodeIgniter\Debug\ExceptionHandler->format(Array)
#3 C:\xampp\htdocs\PROJECT-SPORTSPACE\sportspace\sportspace\vendor\codeigniter4\framework\system\Debug\ExceptionHandler.php(85): CodeIgniter\Debug\ExceptionHandler->respond(Array, 500)
#4 C:\xampp\htdocs\PROJECT-SPORTSPACE\sportspace\sportspace\vendor\codeigniter4\framework\system\Debug\Exceptions.php(162): CodeIgniter\Debug\ExceptionHandler->handle(Object(ValueError), Object(CodeIgniter\HTTP\IncomingRequest), Object(CodeIgniter\HTTP\Response), 500, 1)
#5 [internal function]: CodeIgniter\Debug\Exceptions->exceptionHandler(Object(ValueError))
#6 {main}
  thrown
【Previous Exception】
ValueError
Path cannot be empty
#0 C:\xampp\htdocs\PROJECT-SPORTSPACE\sportspace\sportspace\app\Controllers\Api\PartnerLogoApi.php(63): file_get_contents('', false, Resource id #9)
#1 C:\xampp\htdocs\PROJECT-SPORTSPACE\sportspace\sportspace\app\Controllers\Api\PartnerLogoApi.php(28): App\Controllers\Api\PartnerLogoApi->fetchUrl('')
#2 C:\xampp\htdocs\PROJECT-SPORTSPACE\sportspace\sportspace\vendor\codeigniter4\framework\system\CodeIgniter.php(933): App\Controllers\Api\PartnerLogoApi->serve('dynamix')
#3 C:\xampp\htdocs\PROJECT-SPORTSPACE\sportspace\sportspace\vendor\codeigniter4\framework\system\CodeIgniter.php(507): CodeIgniter\CodeIgniter->runController(Object(App\Controllers\Api\PartnerLogoApi))
#4 C:\xampp\htdocs\PROJECT-SPORTSPACE\sportspace\sportspace\vendor\codeigniter4\framework\system\CodeIgniter.php(354): CodeIgniter\CodeIgniter->handleRequest(NULL, Object(Config\Cache), false)
#5 C:\xampp\htdocs\PROJECT-SPORTSPACE\sportspace\sportspace\vendor\codeigniter4\framework\system\Boot.php(363): CodeIgniter\CodeIgniter->run()
#6 C:\xampp\htdocs\PROJECT-SPORTSPACE\sportspace\sportspace\vendor\codeigniter4\framework\system\Boot.php(68): CodeIgniter\Boot::runCodeIgniter(Object(CodeIgniter\CodeIgniter))
#7 C:\xampp\htdocs\PROJECT-SPORTSPACE\sportspace\sportspace\public\index.php(59): CodeIgniter\Boot::bootWeb(Object(Config\Paths))
#8 C:\xampp\htdocs\PROJECT-SPORTSPACE\sportspace\sportspace\vendor\codeigniter4\framework\system\rewrite.php(44): require_once('C:\\xampp\\htdocs...')
#9 {main}
[Method: GET, Route: api/partner-logo/dynamix]
in SYSTEMPATH\Format\JSONFormatter.php on line 47.
 1 [internal function]: CodeIgniter\Debug\Exceptions->shutdownHandler()
WARNING - 2026-07-07 17:05:42 --> [DEPRECATED] Creation of dynamic property CodeIgniter\HTTP\IncomingRequest::$user is deprecated in APPPATH\Filters\JwtAuth.php on line 29.
 1 SYSTEMPATH\Filters\Filters.php(241): App\Filters\JwtAuth->before(Object(CodeIgniter\HTTP\IncomingRequest), null)
 2 SYSTEMPATH\Filters\Filters.php(221): CodeIgniter\Filters\Filters->runBefore([...])
 3 SYSTEMPATH\CodeIgniter.php(479): CodeIgniter\Filters\Filters->run('api/booking', 'before')
 4 SYSTEMPATH\CodeIgniter.php(354): CodeIgniter\CodeIgniter->handleRequest(null, Object(Config\Cache), false)
 5 SYSTEMPATH\Boot.php(363): CodeIgniter\CodeIgniter->run()
 6 SYSTEMPATH\Boot.php(68): CodeIgniter\Boot::runCodeIgniter(Object(CodeIgniter\CodeIgniter))
 7 FCPATH\index.php(59): CodeIgniter\Boot::bootWeb(Object(Config\Paths))
 8 SYSTEMPATH\rewrite.php(44): require_once('C:\\xampp\\htdocs\\PROJECT-SPORTSPACE\\sportspace\\sportspace\\public\\index.php')
WARNING - 2026-07-07 17:05:44 --> [DEPRECATED] Creation of dynamic property CodeIgniter\HTTP\IncomingRequest::$user is deprecated in APPPATH\Filters\JwtAuth.php on line 29.
 1 SYSTEMPATH\Filters\Filters.php(241): App\Filters\JwtAuth->before(Object(CodeIgniter\HTTP\IncomingRequest), null)
 2 SYSTEMPATH\Filters\Filters.php(221): CodeIgniter\Filters\Filters->runBefore([...])
 3 SYSTEMPATH\CodeIgniter.php(479): CodeIgniter\Filters\Filters->run('api/booking', 'before')
 4 SYSTEMPATH\CodeIgniter.php(354): CodeIgniter\CodeIgniter->handleRequest(null, Object(Config\Cache), false)
 5 SYSTEMPATH\Boot.php(363): CodeIgniter\CodeIgniter->run()
 6 SYSTEMPATH\Boot.php(68): CodeIgniter\Boot::runCodeIgniter(Object(CodeIgniter\CodeIgniter))
 7 FCPATH\index.php(59): CodeIgniter\Boot::bootWeb(Object(Config\Paths))
 8 SYSTEMPATH\rewrite.php(44): require_once('C:\\xampp\\htdocs\\PROJECT-SPORTSPACE\\sportspace\\sportspace\\public\\index.php')
CRITICAL - 2026-07-07 17:08:21 --> ValueError: Path cannot be empty
[Method: GET, Route: api/partner-logo/dynamix]
in APPPATH\Controllers\Api\PartnerLogoApi.php on line 63.
 1 APPPATH\Controllers\Api\PartnerLogoApi.php(63): file_get_contents('', false, resource (stream-context))
 2 APPPATH\Controllers\Api\PartnerLogoApi.php(28): App\Controllers\Api\PartnerLogoApi->fetchUrl('')
 3 SYSTEMPATH\CodeIgniter.php(933): App\Controllers\Api\PartnerLogoApi->serve('dynamix')
 4 SYSTEMPATH\CodeIgniter.php(507): CodeIgniter\CodeIgniter->runController(Object(App\Controllers\Api\PartnerLogoApi))
 5 SYSTEMPATH\CodeIgniter.php(354): CodeIgniter\CodeIgniter->handleRequest(null, Object(Config\Cache), false)
 6 SYSTEMPATH\Boot.php(363): CodeIgniter\CodeIgniter->run()
 7 SYSTEMPATH\Boot.php(68): CodeIgniter\Boot::runCodeIgniter(Object(CodeIgniter\CodeIgniter))
 8 FCPATH\index.php(59): CodeIgniter\Boot::bootWeb(Object(Config\Paths))
 9 SYSTEMPATH\rewrite.php(44): require_once('C:\\xampp\\htdocs\\PROJECT-SPORTSPACE\\sportspace\\sportspace\\public\\index.php')
CRITICAL - 2026-07-07 17:08:21 --> ErrorException: Uncaught CodeIgniter\Format\Exceptions\FormatException: Failed to parse JSON string. Error: Type is not supported in C:\xampp\htdocs\PROJECT-SPORTSPACE\sportspace\sportspace\vendor\codeigniter4\framework\system\Format\JSONFormatter.php:47
Stack trace:
#0 C:\xampp\htdocs\PROJECT-SPORTSPACE\sportspace\sportspace\vendor\codeigniter4\framework\system\Format\JSONFormatter.php(47): CodeIgniter\Format\Exceptions\FormatException::forInvalidJSON('Type is not sup...')
#1 C:\xampp\htdocs\PROJECT-SPORTSPACE\sportspace\sportspace\vendor\codeigniter4\framework\system\API\ResponseTrait.php(347): CodeIgniter\Format\JSONFormatter->format(Array)
#2 C:\xampp\htdocs\PROJECT-SPORTSPACE\sportspace\sportspace\vendor\codeigniter4\framework\system\API\ResponseTrait.php(106): CodeIgniter\Debug\ExceptionHandler->format(Array)
#3 C:\xampp\htdocs\PROJECT-SPORTSPACE\sportspace\sportspace\vendor\codeigniter4\framework\system\Debug\ExceptionHandler.php(85): CodeIgniter\Debug\ExceptionHandler->respond(Array, 500)
#4 C:\xampp\htdocs\PROJECT-SPORTSPACE\sportspace\sportspace\vendor\codeigniter4\framework\system\Debug\Exceptions.php(162): CodeIgniter\Debug\ExceptionHandler->handle(Object(ValueError), Object(CodeIgniter\HTTP\IncomingRequest), Object(CodeIgniter\HTTP\Response), 500, 1)
#5 [internal function]: CodeIgniter\Debug\Exceptions->exceptionHandler(Object(ValueError))
#6 {main}
  thrown
【Previous Exception】
ValueError
Path cannot be empty
#0 C:\xampp\htdocs\PROJECT-SPORTSPACE\sportspace\sportspace\app\Controllers\Api\PartnerLogoApi.php(63): file_get_contents('', false, Resource id #9)
#1 C:\xampp\htdocs\PROJECT-SPORTSPACE\sportspace\sportspace\app\Controllers\Api\PartnerLogoApi.php(28): App\Controllers\Api\PartnerLogoApi->fetchUrl('')
#2 C:\xampp\htdocs\PROJECT-SPORTSPACE\sportspace\sportspace\vendor\codeigniter4\framework\system\CodeIgniter.php(933): App\Controllers\Api\PartnerLogoApi->serve('dynamix')
#3 C:\xampp\htdocs\PROJECT-SPORTSPACE\sportspace\sportspace\vendor\codeigniter4\framework\system\CodeIgniter.php(507): CodeIgniter\CodeIgniter->runController(Object(App\Controllers\Api\PartnerLogoApi))
#4 C:\xampp\htdocs\PROJECT-SPORTSPACE\sportspace\sportspace\vendor\codeigniter4\framework\system\CodeIgniter.php(354): CodeIgniter\CodeIgniter->handleRequest(NULL, Object(Config\Cache), false)
#5 C:\xampp\htdocs\PROJECT-SPORTSPACE\sportspace\sportspace\vendor\codeigniter4\framework\system\Boot.php(363): CodeIgniter\CodeIgniter->run()
#6 C:\xampp\htdocs\PROJECT-SPORTSPACE\sportspace\sportspace\vendor\codeigniter4\framework\system\Boot.php(68): CodeIgniter\Boot::runCodeIgniter(Object(CodeIgniter\CodeIgniter))
#7 C:\xampp\htdocs\PROJECT-SPORTSPACE\sportspace\sportspace\public\index.php(59): CodeIgniter\Boot::bootWeb(Object(Config\Paths))
#8 C:\xampp\htdocs\PROJECT-SPORTSPACE\sportspace\sportspace\vendor\codeigniter4\framework\system\rewrite.php(44): require_once('C:\\xampp\\htdocs...')
#9 {main}
[Method: GET, Route: api/partner-logo/dynamix]
in SYSTEMPATH\Format\JSONFormatter.php on line 47.
 1 [internal function]: CodeIgniter\Debug\Exceptions->shutdownHandler()
WARNING - 2026-07-07 17:08:25 --> [DEPRECATED] Creation of dynamic property CodeIgniter\HTTP\IncomingRequest::$user is deprecated in APPPATH\Filters\JwtAuth.php on line 29.
 1 SYSTEMPATH\Filters\Filters.php(241): App\Filters\JwtAuth->before(Object(CodeIgniter\HTTP\IncomingRequest), null)
 2 SYSTEMPATH\Filters\Filters.php(221): CodeIgniter\Filters\Filters->runBefore([...])
 3 SYSTEMPATH\CodeIgniter.php(479): CodeIgniter\Filters\Filters->run('api/booking', 'before')
 4 SYSTEMPATH\CodeIgniter.php(354): CodeIgniter\CodeIgniter->handleRequest(null, Object(Config\Cache), false)
 5 SYSTEMPATH\Boot.php(363): CodeIgniter\CodeIgniter->run()
 6 SYSTEMPATH\Boot.php(68): CodeIgniter\Boot::runCodeIgniter(Object(CodeIgniter\CodeIgniter))
 7 FCPATH\index.php(59): CodeIgniter\Boot::bootWeb(Object(Config\Paths))
 8 SYSTEMPATH\rewrite.php(44): require_once('C:\\xampp\\htdocs\\PROJECT-SPORTSPACE\\sportspace\\sportspace\\public\\index.php')
WARNING - 2026-07-07 17:08:27 --> [DEPRECATED] Creation of dynamic property CodeIgniter\HTTP\IncomingRequest::$user is deprecated in APPPATH\Filters\JwtAuth.php on line 29.
 1 SYSTEMPATH\Filters\Filters.php(241): App\Filters\JwtAuth->before(Object(CodeIgniter\HTTP\IncomingRequest), null)
 2 SYSTEMPATH\Filters\Filters.php(221): CodeIgniter\Filters\Filters->runBefore([...])
 3 SYSTEMPATH\CodeIgniter.php(479): CodeIgniter\Filters\Filters->run('api/booking', 'before')
 4 SYSTEMPATH\CodeIgniter.php(354): CodeIgniter\CodeIgniter->handleRequest(null, Object(Config\Cache), false)
 5 SYSTEMPATH\Boot.php(363): CodeIgniter\CodeIgniter->run()
 6 SYSTEMPATH\Boot.php(68): CodeIgniter\Boot::runCodeIgniter(Object(CodeIgniter\CodeIgniter))
 7 FCPATH\index.php(59): CodeIgniter\Boot::bootWeb(Object(Config\Paths))
 8 SYSTEMPATH\rewrite.php(44): require_once('C:\\xampp\\htdocs\\PROJECT-SPORTSPACE\\sportspace\\sportspace\\public\\index.php')
WARNING - 2026-07-07 17:08:39 --> [DEPRECATED] Creation of dynamic property CodeIgniter\HTTP\IncomingRequest::$user is deprecated in APPPATH\Filters\JwtAuth.php on line 29.
 1 SYSTEMPATH\Filters\Filters.php(241): App\Filters\JwtAuth->before(Object(CodeIgniter\HTTP\IncomingRequest), null)
 2 SYSTEMPATH\Filters\Filters.php(221): CodeIgniter\Filters\Filters->runBefore([...])
 3 SYSTEMPATH\CodeIgniter.php(479): CodeIgniter\Filters\Filters->run('api/booking/67/upload-bukti', 'before')
 4 SYSTEMPATH\CodeIgniter.php(354): CodeIgniter\CodeIgniter->handleRequest(null, Object(Config\Cache), false)
 5 SYSTEMPATH\Boot.php(363): CodeIgniter\CodeIgniter->run()
 6 SYSTEMPATH\Boot.php(68): CodeIgniter\Boot::runCodeIgniter(Object(CodeIgniter\CodeIgniter))
 7 FCPATH\index.php(59): CodeIgniter\Boot::bootWeb(Object(Config\Paths))
 8 SYSTEMPATH\rewrite.php(44): require_once('C:\\xampp\\htdocs\\PROJECT-SPORTSPACE\\sportspace\\sportspace\\public\\index.php')
WARNING - 2026-07-07 17:08:41 --> [DEPRECATED] Creation of dynamic property CodeIgniter\HTTP\IncomingRequest::$user is deprecated in APPPATH\Filters\JwtAuth.php on line 29.
 1 SYSTEMPATH\Filters\Filters.php(241): App\Filters\JwtAuth->before(Object(CodeIgniter\HTTP\IncomingRequest), null)
 2 SYSTEMPATH\Filters\Filters.php(221): CodeIgniter\Filters\Filters->runBefore([...])
 3 SYSTEMPATH\CodeIgniter.php(479): CodeIgniter\Filters\Filters->run('api/booking', 'before')
 4 SYSTEMPATH\CodeIgniter.php(354): CodeIgniter\CodeIgniter->handleRequest(null, Object(Config\Cache), false)
 5 SYSTEMPATH\Boot.php(363): CodeIgniter\CodeIgniter->run()
 6 SYSTEMPATH\Boot.php(68): CodeIgniter\Boot::runCodeIgniter(Object(CodeIgniter\CodeIgniter))
 7 FCPATH\index.php(59): CodeIgniter\Boot::bootWeb(Object(Config\Paths))
 8 SYSTEMPATH\rewrite.php(44): require_once('C:\\xampp\\htdocs\\PROJECT-SPORTSPACE\\sportspace\\sportspace\\public\\index.php')
WARNING - 2026-07-07 17:08:43 --> [DEPRECATED] Creation of dynamic property CodeIgniter\HTTP\IncomingRequest::$user is deprecated in APPPATH\Filters\JwtAuth.php on line 29.
 1 SYSTEMPATH\Filters\Filters.php(241): App\Filters\JwtAuth->before(Object(CodeIgniter\HTTP\IncomingRequest), null)
 2 SYSTEMPATH\Filters\Filters.php(221): CodeIgniter\Filters\Filters->runBefore([...])
 3 SYSTEMPATH\CodeIgniter.php(479): CodeIgniter\Filters\Filters->run('api/booking', 'before')
 4 SYSTEMPATH\CodeIgniter.php(354): CodeIgniter\CodeIgniter->handleRequest(null, Object(Config\Cache), false)
 5 SYSTEMPATH\Boot.php(363): CodeIgniter\CodeIgniter->run()
 6 SYSTEMPATH\Boot.php(68): CodeIgniter\Boot::runCodeIgniter(Object(CodeIgniter\CodeIgniter))
 7 FCPATH\index.php(59): CodeIgniter\Boot::bootWeb(Object(Config\Paths))
 8 SYSTEMPATH\rewrite.php(44): require_once('C:\\xampp\\htdocs\\PROJECT-SPORTSPACE\\sportspace\\sportspace\\public\\index.php')
DEBUG - 2026-07-07 17:10:28 --> Session: Class initialized using 'CodeIgniter\Session\Handlers\FileHandler' driver.
DEBUG - 2026-07-07 17:10:34 --> Session: Class initialized using 'CodeIgniter\Session\Handlers\FileHandler' driver.
DEBUG - 2026-07-07 17:10:37 --> Session: Class initialized using 'CodeIgniter\Session\Handlers\FileHandler' driver.
DEBUG - 2026-07-07 17:10:54 --> Session: Class initialized using 'CodeIgniter\Session\Handlers\FileHandler' driver.
DEBUG - 2026-07-07 17:10:56 --> Session: Class initialized using 'CodeIgniter\Session\Handlers\FileHandler' driver.
DEBUG - 2026-07-07 17:10:58 --> Session: Class initialized using 'CodeIgniter\Session\Handlers\FileHandler' driver.
DEBUG - 2026-07-07 17:11:00 --> Session: Class initialized using 'CodeIgniter\Session\Handlers\FileHandler' driver.
DEBUG - 2026-07-07 17:11:02 --> Session: Class initialized using 'CodeIgniter\Session\Handlers\FileHandler' driver.
DEBUG - 2026-07-07 17:11:14 --> Session: Class initialized using 'CodeIgniter\Session\Handlers\FileHandler' driver.
DEBUG - 2026-07-07 17:11:27 --> Session: Class initialized using 'CodeIgniter\Session\Handlers\FileHandler' driver.
CRITICAL - 2026-07-07 17:11:46 --> ValueError: Path cannot be empty
[Method: GET, Route: api/partner-logo/dynamix]
in APPPATH\Controllers\Api\PartnerLogoApi.php on line 63.
 1 APPPATH\Controllers\Api\PartnerLogoApi.php(63): file_get_contents('', false, resource (stream-context))
 2 APPPATH\Controllers\Api\PartnerLogoApi.php(28): App\Controllers\Api\PartnerLogoApi->fetchUrl('')
 3 SYSTEMPATH\CodeIgniter.php(933): App\Controllers\Api\PartnerLogoApi->serve('dynamix')
 4 SYSTEMPATH\CodeIgniter.php(507): CodeIgniter\CodeIgniter->runController(Object(App\Controllers\Api\PartnerLogoApi))
 5 SYSTEMPATH\CodeIgniter.php(354): CodeIgniter\CodeIgniter->handleRequest(null, Object(Config\Cache), false)
 6 SYSTEMPATH\Boot.php(363): CodeIgniter\CodeIgniter->run()
 7 SYSTEMPATH\Boot.php(68): CodeIgniter\Boot::runCodeIgniter(Object(CodeIgniter\CodeIgniter))
 8 FCPATH\index.php(59): CodeIgniter\Boot::bootWeb(Object(Config\Paths))
 9 SYSTEMPATH\rewrite.php(44): require_once('C:\\xampp\\htdocs\\PROJECT-SPORTSPACE\\sportspace\\sportspace\\public\\index.php')
CRITICAL - 2026-07-07 17:11:46 --> ErrorException: Uncaught CodeIgniter\Format\Exceptions\FormatException: Failed to parse JSON string. Error: Type is not supported in C:\xampp\htdocs\PROJECT-SPORTSPACE\sportspace\sportspace\vendor\codeigniter4\framework\system\Format\JSONFormatter.php:47
Stack trace:
#0 C:\xampp\htdocs\PROJECT-SPORTSPACE\sportspace\sportspace\vendor\codeigniter4\framework\system\Format\JSONFormatter.php(47): CodeIgniter\Format\Exceptions\FormatException::forInvalidJSON('Type is not sup...')
#1 C:\xampp\htdocs\PROJECT-SPORTSPACE\sportspace\sportspace\vendor\codeigniter4\framework\system\API\ResponseTrait.php(347): CodeIgniter\Format\JSONFormatter->format(Array)
#2 C:\xampp\htdocs\PROJECT-SPORTSPACE\sportspace\sportspace\vendor\codeigniter4\framework\system\API\ResponseTrait.php(106): CodeIgniter\Debug\ExceptionHandler->format(Array)
#3 C:\xampp\htdocs\PROJECT-SPORTSPACE\sportspace\sportspace\vendor\codeigniter4\framework\system\Debug\ExceptionHandler.php(85): CodeIgniter\Debug\ExceptionHandler->respond(Array, 500)
#4 C:\xampp\htdocs\PROJECT-SPORTSPACE\sportspace\sportspace\vendor\codeigniter4\framework\system\Debug\Exceptions.php(162): CodeIgniter\Debug\ExceptionHandler->handle(Object(ValueError), Object(CodeIgniter\HTTP\IncomingRequest), Object(CodeIgniter\HTTP\Response), 500, 1)
#5 [internal function]: CodeIgniter\Debug\Exceptions->exceptionHandler(Object(ValueError))
#6 {main}
  thrown
【Previous Exception】
ValueError
Path cannot be empty
#0 C:\xampp\htdocs\PROJECT-SPORTSPACE\sportspace\sportspace\app\Controllers\Api\PartnerLogoApi.php(63): file_get_contents('', false, Resource id #9)
#1 C:\xampp\htdocs\PROJECT-SPORTSPACE\sportspace\sportspace\app\Controllers\Api\PartnerLogoApi.php(28): App\Controllers\Api\PartnerLogoApi->fetchUrl('')
#2 C:\xampp\htdocs\PROJECT-SPORTSPACE\sportspace\sportspace\vendor\codeigniter4\framework\system\CodeIgniter.php(933): App\Controllers\Api\PartnerLogoApi->serve('dynamix')
#3 C:\xampp\htdocs\PROJECT-SPORTSPACE\sportspace\sportspace\vendor\codeigniter4\framework\system\CodeIgniter.php(507): CodeIgniter\CodeIgniter->runController(Object(App\Controllers\Api\PartnerLogoApi))
#4 C:\xampp\htdocs\PROJECT-SPORTSPACE\sportspace\sportspace\vendor\codeigniter4\framework\system\CodeIgniter.php(354): CodeIgniter\CodeIgniter->handleRequest(NULL, Object(Config\Cache), false)
#5 C:\xampp\htdocs\PROJECT-SPORTSPACE\sportspace\sportspace\vendor\codeigniter4\framework\system\Boot.php(363): CodeIgniter\CodeIgniter->run()
#6 C:\xampp\htdocs\PROJECT-SPORTSPACE\sportspace\sportspace\vendor\codeigniter4\framework\system\Boot.php(68): CodeIgniter\Boot::runCodeIgniter(Object(CodeIgniter\CodeIgniter))
#7 C:\xampp\htdocs\PROJECT-SPORTSPACE\sportspace\sportspace\public\index.php(59): CodeIgniter\Boot::bootWeb(Object(Config\Paths))
#8 C:\xampp\htdocs\PROJECT-SPORTSPACE\sportspace\sportspace\vendor\codeigniter4\framework\system\rewrite.php(44): require_once('C:\\xampp\\htdocs...')
#9 {main}
[Method: GET, Route: api/partner-logo/dynamix]
in SYSTEMPATH\Format\JSONFormatter.php on line 47.
 1 [internal function]: CodeIgniter\Debug\Exceptions->shutdownHandler()
WARNING - 2026-07-07 17:11:50 --> [DEPRECATED] Creation of dynamic property CodeIgniter\HTTP\IncomingRequest::$user is deprecated in APPPATH\Filters\JwtAuth.php on line 29.
 1 SYSTEMPATH\Filters\Filters.php(241): App\Filters\JwtAuth->before(Object(CodeIgniter\HTTP\IncomingRequest), null)
 2 SYSTEMPATH\Filters\Filters.php(221): CodeIgniter\Filters\Filters->runBefore([...])
 3 SYSTEMPATH\CodeIgniter.php(479): CodeIgniter\Filters\Filters->run('api/booking', 'before')
 4 SYSTEMPATH\CodeIgniter.php(354): CodeIgniter\CodeIgniter->handleRequest(null, Object(Config\Cache), false)
 5 SYSTEMPATH\Boot.php(363): CodeIgniter\CodeIgniter->run()
 6 SYSTEMPATH\Boot.php(68): CodeIgniter\Boot::runCodeIgniter(Object(CodeIgniter\CodeIgniter))
 7 FCPATH\index.php(59): CodeIgniter\Boot::bootWeb(Object(Config\Paths))
 8 SYSTEMPATH\rewrite.php(44): require_once('C:\\xampp\\htdocs\\PROJECT-SPORTSPACE\\sportspace\\sportspace\\public\\index.php')
WARNING - 2026-07-07 17:11:52 --> [DEPRECATED] Creation of dynamic property CodeIgniter\HTTP\IncomingRequest::$user is deprecated in APPPATH\Filters\JwtAuth.php on line 29.
 1 SYSTEMPATH\Filters\Filters.php(241): App\Filters\JwtAuth->before(Object(CodeIgniter\HTTP\IncomingRequest), null)
 2 SYSTEMPATH\Filters\Filters.php(221): CodeIgniter\Filters\Filters->runBefore([...])
 3 SYSTEMPATH\CodeIgniter.php(479): CodeIgniter\Filters\Filters->run('api/booking', 'before')
 4 SYSTEMPATH\CodeIgniter.php(354): CodeIgniter\CodeIgniter->handleRequest(null, Object(Config\Cache), false)
 5 SYSTEMPATH\Boot.php(363): CodeIgniter\CodeIgniter->run()
 6 SYSTEMPATH\Boot.php(68): CodeIgniter\Boot::runCodeIgniter(Object(CodeIgniter\CodeIgniter))
 7 FCPATH\index.php(59): CodeIgniter\Boot::bootWeb(Object(Config\Paths))
 8 SYSTEMPATH\rewrite.php(44): require_once('C:\\xampp\\htdocs\\PROJECT-SPORTSPACE\\sportspace\\sportspace\\public\\index.php')
CRITICAL - 2026-07-07 17:32:13 --> ValueError: Path cannot be empty
[Method: GET, Route: api/partner-logo/dynamix]
in APPPATH\Controllers\Api\PartnerLogoApi.php on line 63.
 1 APPPATH\Controllers\Api\PartnerLogoApi.php(63): file_get_contents('', false, resource (stream-context))
 2 APPPATH\Controllers\Api\PartnerLogoApi.php(28): App\Controllers\Api\PartnerLogoApi->fetchUrl('')
 3 SYSTEMPATH\CodeIgniter.php(933): App\Controllers\Api\PartnerLogoApi->serve('dynamix')
 4 SYSTEMPATH\CodeIgniter.php(507): CodeIgniter\CodeIgniter->runController(Object(App\Controllers\Api\PartnerLogoApi))
 5 SYSTEMPATH\CodeIgniter.php(354): CodeIgniter\CodeIgniter->handleRequest(null, Object(Config\Cache), false)
 6 SYSTEMPATH\Boot.php(363): CodeIgniter\CodeIgniter->run()
 7 SYSTEMPATH\Boot.php(68): CodeIgniter\Boot::runCodeIgniter(Object(CodeIgniter\CodeIgniter))
 8 FCPATH\index.php(59): CodeIgniter\Boot::bootWeb(Object(Config\Paths))
 9 SYSTEMPATH\rewrite.php(44): require_once('C:\\xampp\\htdocs\\PROJECT-SPORTSPACE\\sportspace\\sportspace\\public\\index.php')
CRITICAL - 2026-07-07 17:32:13 --> ErrorException: Uncaught CodeIgniter\Format\Exceptions\FormatException: Failed to parse JSON string. Error: Type is not supported in C:\xampp\htdocs\PROJECT-SPORTSPACE\sportspace\sportspace\vendor\codeigniter4\framework\system\Format\JSONFormatter.php:47
Stack trace:
#0 C:\xampp\htdocs\PROJECT-SPORTSPACE\sportspace\sportspace\vendor\codeigniter4\framework\system\Format\JSONFormatter.php(47): CodeIgniter\Format\Exceptions\FormatException::forInvalidJSON('Type is not sup...')
#1 C:\xampp\htdocs\PROJECT-SPORTSPACE\sportspace\sportspace\vendor\codeigniter4\framework\system\API\ResponseTrait.php(347): CodeIgniter\Format\JSONFormatter->format(Array)
#2 C:\xampp\htdocs\PROJECT-SPORTSPACE\sportspace\sportspace\vendor\codeigniter4\framework\system\API\ResponseTrait.php(106): CodeIgniter\Debug\ExceptionHandler->format(Array)
#3 C:\xampp\htdocs\PROJECT-SPORTSPACE\sportspace\sportspace\vendor\codeigniter4\framework\system\Debug\ExceptionHandler.php(85): CodeIgniter\Debug\ExceptionHandler->respond(Array, 500)
#4 C:\xampp\htdocs\PROJECT-SPORTSPACE\sportspace\sportspace\vendor\codeigniter4\framework\system\Debug\Exceptions.php(162): CodeIgniter\Debug\ExceptionHandler->handle(Object(ValueError), Object(CodeIgniter\HTTP\IncomingRequest), Object(CodeIgniter\HTTP\Response), 500, 1)
#5 [internal function]: CodeIgniter\Debug\Exceptions->exceptionHandler(Object(ValueError))
#6 {main}
  thrown
【Previous Exception】
ValueError
Path cannot be empty
#0 C:\xampp\htdocs\PROJECT-SPORTSPACE\sportspace\sportspace\app\Controllers\Api\PartnerLogoApi.php(63): file_get_contents('', false, Resource id #9)
#1 C:\xampp\htdocs\PROJECT-SPORTSPACE\sportspace\sportspace\app\Controllers\Api\PartnerLogoApi.php(28): App\Controllers\Api\PartnerLogoApi->fetchUrl('')
#2 C:\xampp\htdocs\PROJECT-SPORTSPACE\sportspace\sportspace\vendor\codeigniter4\framework\system\CodeIgniter.php(933): App\Controllers\Api\PartnerLogoApi->serve('dynamix')
#3 C:\xampp\htdocs\PROJECT-SPORTSPACE\sportspace\sportspace\vendor\codeigniter4\framework\system\CodeIgniter.php(507): CodeIgniter\CodeIgniter->runController(Object(App\Controllers\Api\PartnerLogoApi))
#4 C:\xampp\htdocs\PROJECT-SPORTSPACE\sportspace\sportspace\vendor\codeigniter4\framework\system\CodeIgniter.php(354): CodeIgniter\CodeIgniter->handleRequest(NULL, Object(Config\Cache), false)
#5 C:\xampp\htdocs\PROJECT-SPORTSPACE\sportspace\sportspace\vendor\codeigniter4\framework\system\Boot.php(363): CodeIgniter\CodeIgniter->run()
#6 C:\xampp\htdocs\PROJECT-SPORTSPACE\sportspace\sportspace\vendor\codeigniter4\framework\system\Boot.php(68): CodeIgniter\Boot::runCodeIgniter(Object(CodeIgniter\CodeIgniter))
#7 C:\xampp\htdocs\PROJECT-SPORTSPACE\sportspace\sportspace\public\index.php(59): CodeIgniter\Boot::bootWeb(Object(Config\Paths))
#8 C:\xampp\htdocs\PROJECT-SPORTSPACE\sportspace\sportspace\vendor\codeigniter4\framework\system\rewrite.php(44): require_once('C:\\xampp\\htdocs...')
#9 {main}
[Method: GET, Route: api/partner-logo/dynamix]
in SYSTEMPATH\Format\JSONFormatter.php on line 47.
 1 [internal function]: CodeIgniter\Debug\Exceptions->shutdownHandler()
WARNING - 2026-07-07 17:33:27 --> [DEPRECATED] Creation of dynamic property CodeIgniter\HTTP\IncomingRequest::$user is deprecated in APPPATH\Filters\JwtAuth.php on line 29.
 1 SYSTEMPATH\Filters\Filters.php(241): App\Filters\JwtAuth->before(Object(CodeIgniter\HTTP\IncomingRequest), null)
 2 SYSTEMPATH\Filters\Filters.php(221): CodeIgniter\Filters\Filters->runBefore([...])
 3 SYSTEMPATH\CodeIgniter.php(479): CodeIgniter\Filters\Filters->run('api/booking', 'before')
 4 SYSTEMPATH\CodeIgniter.php(354): CodeIgniter\CodeIgniter->handleRequest(null, Object(Config\Cache), false)
 5 SYSTEMPATH\Boot.php(363): CodeIgniter\CodeIgniter->run()
 6 SYSTEMPATH\Boot.php(68): CodeIgniter\Boot::runCodeIgniter(Object(CodeIgniter\CodeIgniter))
 7 FCPATH\index.php(59): CodeIgniter\Boot::bootWeb(Object(Config\Paths))
 8 SYSTEMPATH\rewrite.php(44): require_once('C:\\xampp\\htdocs\\PROJECT-SPORTSPACE\\sportspace\\sportspace\\public\\index.php')
WARNING - 2026-07-07 17:33:29 --> [DEPRECATED] Creation of dynamic property CodeIgniter\HTTP\IncomingRequest::$user is deprecated in APPPATH\Filters\JwtAuth.php on line 29.
 1 SYSTEMPATH\Filters\Filters.php(241): App\Filters\JwtAuth->before(Object(CodeIgniter\HTTP\IncomingRequest), null)
 2 SYSTEMPATH\Filters\Filters.php(221): CodeIgniter\Filters\Filters->runBefore([...])
 3 SYSTEMPATH\CodeIgniter.php(479): CodeIgniter\Filters\Filters->run('api/booking', 'before')
 4 SYSTEMPATH\CodeIgniter.php(354): CodeIgniter\CodeIgniter->handleRequest(null, Object(Config\Cache), false)
 5 SYSTEMPATH\Boot.php(363): CodeIgniter\CodeIgniter->run()
 6 SYSTEMPATH\Boot.php(68): CodeIgniter\Boot::runCodeIgniter(Object(CodeIgniter\CodeIgniter))
 7 FCPATH\index.php(59): CodeIgniter\Boot::bootWeb(Object(Config\Paths))
 8 SYSTEMPATH\rewrite.php(44): require_once('C:\\xampp\\htdocs\\PROJECT-SPORTSPACE\\sportspace\\sportspace\\public\\index.php')
WARNING - 2026-07-07 17:33:32 --> [DEPRECATED] Creation of dynamic property CodeIgniter\HTTP\IncomingRequest::$user is deprecated in APPPATH\Filters\JwtAuth.php on line 29.
 1 SYSTEMPATH\Filters\Filters.php(241): App\Filters\JwtAuth->before(Object(CodeIgniter\HTTP\IncomingRequest), null)
 2 SYSTEMPATH\Filters\Filters.php(221): CodeIgniter\Filters\Filters->runBefore([...])
 3 SYSTEMPATH\CodeIgniter.php(479): CodeIgniter\Filters\Filters->run('api/booking', 'before')
 4 SYSTEMPATH\CodeIgniter.php(354): CodeIgniter\CodeIgniter->handleRequest(null, Object(Config\Cache), false)
 5 SYSTEMPATH\Boot.php(363): CodeIgniter\CodeIgniter->run()
 6 SYSTEMPATH\Boot.php(68): CodeIgniter\Boot::runCodeIgniter(Object(CodeIgniter\CodeIgniter))
 7 FCPATH\index.php(59): CodeIgniter\Boot::bootWeb(Object(Config\Paths))
 8 SYSTEMPATH\rewrite.php(44): require_once('C:\\xampp\\htdocs\\PROJECT-SPORTSPACE\\sportspace\\sportspace\\public\\index.php')
WARNING - 2026-07-07 17:33:59 --> [DEPRECATED] Creation of dynamic property CodeIgniter\HTTP\IncomingRequest::$user is deprecated in APPPATH\Filters\JwtAuth.php on line 29.
 1 SYSTEMPATH\Filters\Filters.php(241): App\Filters\JwtAuth->before(Object(CodeIgniter\HTTP\IncomingRequest), null)
 2 SYSTEMPATH\Filters\Filters.php(221): CodeIgniter\Filters\Filters->runBefore([...])
 3 SYSTEMPATH\CodeIgniter.php(479): CodeIgniter\Filters\Filters->run('api/booking/68/upload-bukti', 'before')
 4 SYSTEMPATH\CodeIgniter.php(354): CodeIgniter\CodeIgniter->handleRequest(null, Object(Config\Cache), false)
 5 SYSTEMPATH\Boot.php(363): CodeIgniter\CodeIgniter->run()
 6 SYSTEMPATH\Boot.php(68): CodeIgniter\Boot::runCodeIgniter(Object(CodeIgniter\CodeIgniter))
 7 FCPATH\index.php(59): CodeIgniter\Boot::bootWeb(Object(Config\Paths))
 8 SYSTEMPATH\rewrite.php(44): require_once('C:\\xampp\\htdocs\\PROJECT-SPORTSPACE\\sportspace\\sportspace\\public\\index.php')
WARNING - 2026-07-07 17:34:30 --> [DEPRECATED] Creation of dynamic property CodeIgniter\HTTP\IncomingRequest::$user is deprecated in APPPATH\Filters\JwtAuth.php on line 29.
 1 SYSTEMPATH\Filters\Filters.php(241): App\Filters\JwtAuth->before(Object(CodeIgniter\HTTP\IncomingRequest), null)
 2 SYSTEMPATH\Filters\Filters.php(221): CodeIgniter\Filters\Filters->runBefore([...])
 3 SYSTEMPATH\CodeIgniter.php(479): CodeIgniter\Filters\Filters->run('api/booking/68/upload-bukti', 'before')
 4 SYSTEMPATH\CodeIgniter.php(354): CodeIgniter\CodeIgniter->handleRequest(null, Object(Config\Cache), false)
 5 SYSTEMPATH\Boot.php(363): CodeIgniter\CodeIgniter->run()
 6 SYSTEMPATH\Boot.php(68): CodeIgniter\Boot::runCodeIgniter(Object(CodeIgniter\CodeIgniter))
 7 FCPATH\index.php(59): CodeIgniter\Boot::bootWeb(Object(Config\Paths))
 8 SYSTEMPATH\rewrite.php(44): require_once('C:\\xampp\\htdocs\\PROJECT-SPORTSPACE\\sportspace\\sportspace\\public\\index.php')
CRITICAL - 2026-07-07 17:44:40 --> ValueError: Path cannot be empty
[Method: GET, Route: api/partner-logo/dynamix]
in APPPATH\Controllers\Api\PartnerLogoApi.php on line 63.
 1 APPPATH\Controllers\Api\PartnerLogoApi.php(63): file_get_contents('', false, resource (stream-context))
 2 APPPATH\Controllers\Api\PartnerLogoApi.php(28): App\Controllers\Api\PartnerLogoApi->fetchUrl('')
 3 SYSTEMPATH\CodeIgniter.php(933): App\Controllers\Api\PartnerLogoApi->serve('dynamix')
 4 SYSTEMPATH\CodeIgniter.php(507): CodeIgniter\CodeIgniter->runController(Object(App\Controllers\Api\PartnerLogoApi))
 5 SYSTEMPATH\CodeIgniter.php(354): CodeIgniter\CodeIgniter->handleRequest(null, Object(Config\Cache), false)
 6 SYSTEMPATH\Boot.php(363): CodeIgniter\CodeIgniter->run()
 7 SYSTEMPATH\Boot.php(68): CodeIgniter\Boot::runCodeIgniter(Object(CodeIgniter\CodeIgniter))
 8 FCPATH\index.php(59): CodeIgniter\Boot::bootWeb(Object(Config\Paths))
 9 SYSTEMPATH\rewrite.php(44): require_once('C:\\xampp\\htdocs\\PROJECT-SPORTSPACE\\sportspace\\sportspace\\public\\index.php')
CRITICAL - 2026-07-07 17:44:40 --> ErrorException: Uncaught CodeIgniter\Format\Exceptions\FormatException: Failed to parse JSON string. Error: Type is not supported in C:\xampp\htdocs\PROJECT-SPORTSPACE\sportspace\sportspace\vendor\codeigniter4\framework\system\Format\JSONFormatter.php:47
Stack trace:
#0 C:\xampp\htdocs\PROJECT-SPORTSPACE\sportspace\sportspace\vendor\codeigniter4\framework\system\Format\JSONFormatter.php(47): CodeIgniter\Format\Exceptions\FormatException::forInvalidJSON('Type is not sup...')
#1 C:\xampp\htdocs\PROJECT-SPORTSPACE\sportspace\sportspace\vendor\codeigniter4\framework\system\API\ResponseTrait.php(347): CodeIgniter\Format\JSONFormatter->format(Array)
#2 C:\xampp\htdocs\PROJECT-SPORTSPACE\sportspace\sportspace\vendor\codeigniter4\framework\system\API\ResponseTrait.php(106): CodeIgniter\Debug\ExceptionHandler->format(Array)
#3 C:\xampp\htdocs\PROJECT-SPORTSPACE\sportspace\sportspace\vendor\codeigniter4\framework\system\Debug\ExceptionHandler.php(85): CodeIgniter\Debug\ExceptionHandler->respond(Array, 500)
#4 C:\xampp\htdocs\PROJECT-SPORTSPACE\sportspace\sportspace\vendor\codeigniter4\framework\system\Debug\Exceptions.php(162): CodeIgniter\Debug\ExceptionHandler->handle(Object(ValueError), Object(CodeIgniter\HTTP\IncomingRequest), Object(CodeIgniter\HTTP\Response), 500, 1)
#5 [internal function]: CodeIgniter\Debug\Exceptions->exceptionHandler(Object(ValueError))
#6 {main}
  thrown
【Previous Exception】
ValueError
Path cannot be empty
#0 C:\xampp\htdocs\PROJECT-SPORTSPACE\sportspace\sportspace\app\Controllers\Api\PartnerLogoApi.php(63): file_get_contents('', false, Resource id #9)
#1 C:\xampp\htdocs\PROJECT-SPORTSPACE\sportspace\sportspace\app\Controllers\Api\PartnerLogoApi.php(28): App\Controllers\Api\PartnerLogoApi->fetchUrl('')
#2 C:\xampp\htdocs\PROJECT-SPORTSPACE\sportspace\sportspace\vendor\codeigniter4\framework\system\CodeIgniter.php(933): App\Controllers\Api\PartnerLogoApi->serve('dynamix')
#3 C:\xampp\htdocs\PROJECT-SPORTSPACE\sportspace\sportspace\vendor\codeigniter4\framework\system\CodeIgniter.php(507): CodeIgniter\CodeIgniter->runController(Object(App\Controllers\Api\PartnerLogoApi))
#4 C:\xampp\htdocs\PROJECT-SPORTSPACE\sportspace\sportspace\vendor\codeigniter4\framework\system\CodeIgniter.php(354): CodeIgniter\CodeIgniter->handleRequest(NULL, Object(Config\Cache), false)
#5 C:\xampp\htdocs\PROJECT-SPORTSPACE\sportspace\sportspace\vendor\codeigniter4\framework\system\Boot.php(363): CodeIgniter\CodeIgniter->run()
#6 C:\xampp\htdocs\PROJECT-SPORTSPACE\sportspace\sportspace\vendor\codeigniter4\framework\system\Boot.php(68): CodeIgniter\Boot::runCodeIgniter(Object(CodeIgniter\CodeIgniter))
#7 C:\xampp\htdocs\PROJECT-SPORTSPACE\sportspace\sportspace\public\index.php(59): CodeIgniter\Boot::bootWeb(Object(Config\Paths))
#8 C:\xampp\htdocs\PROJECT-SPORTSPACE\sportspace\sportspace\vendor\codeigniter4\framework\system\rewrite.php(44): require_once('C:\\xampp\\htdocs...')
#9 {main}
[Method: GET, Route: api/partner-logo/dynamix]
in SYSTEMPATH\Format\JSONFormatter.php on line 47.
 1 [internal function]: CodeIgniter\Debug\Exceptions->shutdownHandler()
WARNING - 2026-07-07 17:47:28 --> [DEPRECATED] Creation of dynamic property CodeIgniter\HTTP\IncomingRequest::$user is deprecated in APPPATH\Filters\JwtAuth.php on line 29.
 1 SYSTEMPATH\Filters\Filters.php(241): App\Filters\JwtAuth->before(Object(CodeIgniter\HTTP\IncomingRequest), null)
 2 SYSTEMPATH\Filters\Filters.php(221): CodeIgniter\Filters\Filters->runBefore([...])
 3 SYSTEMPATH\CodeIgniter.php(479): CodeIgniter\Filters\Filters->run('api/booking', 'before')
 4 SYSTEMPATH\CodeIgniter.php(354): CodeIgniter\CodeIgniter->handleRequest(null, Object(Config\Cache), false)
 5 SYSTEMPATH\Boot.php(363): CodeIgniter\CodeIgniter->run()
 6 SYSTEMPATH\Boot.php(68): CodeIgniter\Boot::runCodeIgniter(Object(CodeIgniter\CodeIgniter))
 7 FCPATH\index.php(59): CodeIgniter\Boot::bootWeb(Object(Config\Paths))
 8 SYSTEMPATH\rewrite.php(44): require_once('C:\\xampp\\htdocs\\PROJECT-SPORTSPACE\\sportspace\\sportspace\\public\\index.php')
WARNING - 2026-07-07 17:47:30 --> [DEPRECATED] Creation of dynamic property CodeIgniter\HTTP\IncomingRequest::$user is deprecated in APPPATH\Filters\JwtAuth.php on line 29.
 1 SYSTEMPATH\Filters\Filters.php(241): App\Filters\JwtAuth->before(Object(CodeIgniter\HTTP\IncomingRequest), null)
 2 SYSTEMPATH\Filters\Filters.php(221): CodeIgniter\Filters\Filters->runBefore([...])
 3 SYSTEMPATH\CodeIgniter.php(479): CodeIgniter\Filters\Filters->run('api/booking', 'before')
 4 SYSTEMPATH\CodeIgniter.php(354): CodeIgniter\CodeIgniter->handleRequest(null, Object(Config\Cache), false)
 5 SYSTEMPATH\Boot.php(363): CodeIgniter\CodeIgniter->run()
 6 SYSTEMPATH\Boot.php(68): CodeIgniter\Boot::runCodeIgniter(Object(CodeIgniter\CodeIgniter))
 7 FCPATH\index.php(59): CodeIgniter\Boot::bootWeb(Object(Config\Paths))
 8 SYSTEMPATH\rewrite.php(44): require_once('C:\\xampp\\htdocs\\PROJECT-SPORTSPACE\\sportspace\\sportspace\\public\\index.php')
WARNING - 2026-07-07 17:47:44 --> [DEPRECATED] Creation of dynamic property CodeIgniter\HTTP\IncomingRequest::$user is deprecated in APPPATH\Filters\JwtAuth.php on line 29.
 1 SYSTEMPATH\Filters\Filters.php(241): App\Filters\JwtAuth->before(Object(CodeIgniter\HTTP\IncomingRequest), null)
 2 SYSTEMPATH\Filters\Filters.php(221): CodeIgniter\Filters\Filters->runBefore([...])
 3 SYSTEMPATH\CodeIgniter.php(479): CodeIgniter\Filters\Filters->run('api/booking/68/upload-bukti', 'before')
 4 SYSTEMPATH\CodeIgniter.php(354): CodeIgniter\CodeIgniter->handleRequest(null, Object(Config\Cache), false)
 5 SYSTEMPATH\Boot.php(363): CodeIgniter\CodeIgniter->run()
 6 SYSTEMPATH\Boot.php(68): CodeIgniter\Boot::runCodeIgniter(Object(CodeIgniter\CodeIgniter))
 7 FCPATH\index.php(59): CodeIgniter\Boot::bootWeb(Object(Config\Paths))
 8 SYSTEMPATH\rewrite.php(44): require_once('C:\\xampp\\htdocs\\PROJECT-SPORTSPACE\\sportspace\\sportspace\\public\\index.php')
WARNING - 2026-07-07 17:47:54 --> [DEPRECATED] Creation of dynamic property CodeIgniter\HTTP\IncomingRequest::$user is deprecated in APPPATH\Filters\JwtAuth.php on line 29.
 1 SYSTEMPATH\Filters\Filters.php(241): App\Filters\JwtAuth->before(Object(CodeIgniter\HTTP\IncomingRequest), null)
 2 SYSTEMPATH\Filters\Filters.php(221): CodeIgniter\Filters\Filters->runBefore([...])
 3 SYSTEMPATH\CodeIgniter.php(479): CodeIgniter\Filters\Filters->run('api/booking/68/upload-bukti', 'before')
 4 SYSTEMPATH\CodeIgniter.php(354): CodeIgniter\CodeIgniter->handleRequest(null, Object(Config\Cache), false)
 5 SYSTEMPATH\Boot.php(363): CodeIgniter\CodeIgniter->run()
 6 SYSTEMPATH\Boot.php(68): CodeIgniter\Boot::runCodeIgniter(Object(CodeIgniter\CodeIgniter))
 7 FCPATH\index.php(59): CodeIgniter\Boot::bootWeb(Object(Config\Paths))
 8 SYSTEMPATH\rewrite.php(44): require_once('C:\\xampp\\htdocs\\PROJECT-SPORTSPACE\\sportspace\\sportspace\\public\\index.php')
WARNING - 2026-07-07 17:48:10 --> [DEPRECATED] Creation of dynamic property CodeIgniter\HTTP\IncomingRequest::$user is deprecated in APPPATH\Filters\JwtAuth.php on line 29.
 1 SYSTEMPATH\Filters\Filters.php(241): App\Filters\JwtAuth->before(Object(CodeIgniter\HTTP\IncomingRequest), null)
 2 SYSTEMPATH\Filters\Filters.php(221): CodeIgniter\Filters\Filters->runBefore([...])
 3 SYSTEMPATH\CodeIgniter.php(479): CodeIgniter\Filters\Filters->run('api/booking/68/upload-bukti', 'before')
 4 SYSTEMPATH\CodeIgniter.php(354): CodeIgniter\CodeIgniter->handleRequest(null, Object(Config\Cache), false)
 5 SYSTEMPATH\Boot.php(363): CodeIgniter\CodeIgniter->run()
 6 SYSTEMPATH\Boot.php(68): CodeIgniter\Boot::runCodeIgniter(Object(CodeIgniter\CodeIgniter))
 7 FCPATH\index.php(59): CodeIgniter\Boot::bootWeb(Object(Config\Paths))
 8 SYSTEMPATH\rewrite.php(44): require_once('C:\\xampp\\htdocs\\PROJECT-SPORTSPACE\\sportspace\\sportspace\\public\\index.php')
WARNING - 2026-07-07 17:56:32 --> [DEPRECATED] Creation of dynamic property CodeIgniter\HTTP\IncomingRequest::$user is deprecated in APPPATH\Filters\JwtAuth.php on line 29.
 1 SYSTEMPATH\Filters\Filters.php(241): App\Filters\JwtAuth->before(Object(CodeIgniter\HTTP\IncomingRequest), null)
 2 SYSTEMPATH\Filters\Filters.php(221): CodeIgniter\Filters\Filters->runBefore([...])
 3 SYSTEMPATH\CodeIgniter.php(479): CodeIgniter\Filters\Filters->run('api/booking/68/upload-bukti', 'before')
 4 SYSTEMPATH\CodeIgniter.php(354): CodeIgniter\CodeIgniter->handleRequest(null, Object(Config\Cache), false)
 5 SYSTEMPATH\Boot.php(363): CodeIgniter\CodeIgniter->run()
 6 SYSTEMPATH\Boot.php(68): CodeIgniter\Boot::runCodeIgniter(Object(CodeIgniter\CodeIgniter))
 7 FCPATH\index.php(59): CodeIgniter\Boot::bootWeb(Object(Config\Paths))
 8 SYSTEMPATH\rewrite.php(44): require_once('C:\\xampp\\htdocs\\PROJECT-SPORTSPACE\\sportspace\\sportspace\\public\\index.php')
WARNING - 2026-07-07 18:10:40 --> [DEPRECATED] Creation of dynamic property CodeIgniter\HTTP\IncomingRequest::$user is deprecated in APPPATH\Filters\JwtAuth.php on line 29.
 1 SYSTEMPATH\Filters\Filters.php(241): App\Filters\JwtAuth->before(Object(CodeIgniter\HTTP\IncomingRequest), null)
 2 SYSTEMPATH\Filters\Filters.php(221): CodeIgniter\Filters\Filters->runBefore([...])
 3 SYSTEMPATH\CodeIgniter.php(479): CodeIgniter\Filters\Filters->run('api/booking/68/upload-bukti', 'before')
 4 SYSTEMPATH\CodeIgniter.php(354): CodeIgniter\CodeIgniter->handleRequest(null, Object(Config\Cache), false)
 5 SYSTEMPATH\Boot.php(363): CodeIgniter\CodeIgniter->run()
 6 SYSTEMPATH\Boot.php(68): CodeIgniter\Boot::runCodeIgniter(Object(CodeIgniter\CodeIgniter))
 7 FCPATH\index.php(59): CodeIgniter\Boot::bootWeb(Object(Config\Paths))
 8 SYSTEMPATH\rewrite.php(44): require_once('C:\\xampp\\htdocs\\PROJECT-SPORTSPACE\\sportspace\\sportspace\\public\\index.php')
CRITICAL - 2026-07-07 18:11:49 --> ValueError: Path cannot be empty
[Method: GET, Route: api/partner-logo/dynamix]
in APPPATH\Controllers\Api\PartnerLogoApi.php on line 63.
 1 APPPATH\Controllers\Api\PartnerLogoApi.php(63): file_get_contents('', false, resource (stream-context))
 2 APPPATH\Controllers\Api\PartnerLogoApi.php(28): App\Controllers\Api\PartnerLogoApi->fetchUrl('')
 3 SYSTEMPATH\CodeIgniter.php(933): App\Controllers\Api\PartnerLogoApi->serve('dynamix')
 4 SYSTEMPATH\CodeIgniter.php(507): CodeIgniter\CodeIgniter->runController(Object(App\Controllers\Api\PartnerLogoApi))
 5 SYSTEMPATH\CodeIgniter.php(354): CodeIgniter\CodeIgniter->handleRequest(null, Object(Config\Cache), false)
 6 SYSTEMPATH\Boot.php(363): CodeIgniter\CodeIgniter->run()
 7 SYSTEMPATH\Boot.php(68): CodeIgniter\Boot::runCodeIgniter(Object(CodeIgniter\CodeIgniter))
 8 FCPATH\index.php(59): CodeIgniter\Boot::bootWeb(Object(Config\Paths))
 9 SYSTEMPATH\rewrite.php(44): require_once('C:\\xampp\\htdocs\\PROJECT-SPORTSPACE\\sportspace\\sportspace\\public\\index.php')
CRITICAL - 2026-07-07 18:11:49 --> ErrorException: Uncaught CodeIgniter\Format\Exceptions\FormatException: Failed to parse JSON string. Error: Type is not supported in C:\xampp\htdocs\PROJECT-SPORTSPACE\sportspace\sportspace\vendor\codeigniter4\framework\system\Format\JSONFormatter.php:47
Stack trace:
#0 C:\xampp\htdocs\PROJECT-SPORTSPACE\sportspace\sportspace\vendor\codeigniter4\framework\system\Format\JSONFormatter.php(47): CodeIgniter\Format\Exceptions\FormatException::forInvalidJSON('Type is not sup...')
#1 C:\xampp\htdocs\PROJECT-SPORTSPACE\sportspace\sportspace\vendor\codeigniter4\framework\system\API\ResponseTrait.php(347): CodeIgniter\Format\JSONFormatter->format(Array)
#2 C:\xampp\htdocs\PROJECT-SPORTSPACE\sportspace\sportspace\vendor\codeigniter4\framework\system\API\ResponseTrait.php(106): CodeIgniter\Debug\ExceptionHandler->format(Array)
#3 C:\xampp\htdocs\PROJECT-SPORTSPACE\sportspace\sportspace\vendor\codeigniter4\framework\system\Debug\ExceptionHandler.php(85): CodeIgniter\Debug\ExceptionHandler->respond(Array, 500)
#4 C:\xampp\htdocs\PROJECT-SPORTSPACE\sportspace\sportspace\vendor\codeigniter4\framework\system\Debug\Exceptions.php(162): CodeIgniter\Debug\ExceptionHandler->handle(Object(ValueError), Object(CodeIgniter\HTTP\IncomingRequest), Object(CodeIgniter\HTTP\Response), 500, 1)
#5 [internal function]: CodeIgniter\Debug\Exceptions->exceptionHandler(Object(ValueError))
#6 {main}
  thrown
【Previous Exception】
ValueError
Path cannot be empty
#0 C:\xampp\htdocs\PROJECT-SPORTSPACE\sportspace\sportspace\app\Controllers\Api\PartnerLogoApi.php(63): file_get_contents('', false, Resource id #9)
#1 C:\xampp\htdocs\PROJECT-SPORTSPACE\sportspace\sportspace\app\Controllers\Api\PartnerLogoApi.php(28): App\Controllers\Api\PartnerLogoApi->fetchUrl('')
#2 C:\xampp\htdocs\PROJECT-SPORTSPACE\sportspace\sportspace\vendor\codeigniter4\framework\system\CodeIgniter.php(933): App\Controllers\Api\PartnerLogoApi->serve('dynamix')
#3 C:\xampp\htdocs\PROJECT-SPORTSPACE\sportspace\sportspace\vendor\codeigniter4\framework\system\CodeIgniter.php(507): CodeIgniter\CodeIgniter->runController(Object(App\Controllers\Api\PartnerLogoApi))
#4 C:\xampp\htdocs\PROJECT-SPORTSPACE\sportspace\sportspace\vendor\codeigniter4\framework\system\CodeIgniter.php(354): CodeIgniter\CodeIgniter->handleRequest(NULL, Object(Config\Cache), false)
#5 C:\xampp\htdocs\PROJECT-SPORTSPACE\sportspace\sportspace\vendor\codeigniter4\framework\system\Boot.php(363): CodeIgniter\CodeIgniter->run()
#6 C:\xampp\htdocs\PROJECT-SPORTSPACE\sportspace\sportspace\vendor\codeigniter4\framework\system\Boot.php(68): CodeIgniter\Boot::runCodeIgniter(Object(CodeIgniter\CodeIgniter))
#7 C:\xampp\htdocs\PROJECT-SPORTSPACE\sportspace\sportspace\public\index.php(59): CodeIgniter\Boot::bootWeb(Object(Config\Paths))
#8 C:\xampp\htdocs\PROJECT-SPORTSPACE\sportspace\sportspace\vendor\codeigniter4\framework\system\rewrite.php(44): require_once('C:\\xampp\\htdocs...')
#9 {main}
[Method: GET, Route: api/partner-logo/dynamix]
in SYSTEMPATH\Format\JSONFormatter.php on line 47.
 1 [internal function]: CodeIgniter\Debug\Exceptions->shutdownHandler()
WARNING - 2026-07-07 18:11:58 --> [DEPRECATED] Creation of dynamic property CodeIgniter\HTTP\IncomingRequest::$user is deprecated in APPPATH\Filters\JwtAuth.php on line 29.
 1 SYSTEMPATH\Filters\Filters.php(241): App\Filters\JwtAuth->before(Object(CodeIgniter\HTTP\IncomingRequest), null)
 2 SYSTEMPATH\Filters\Filters.php(221): CodeIgniter\Filters\Filters->runBefore([...])
 3 SYSTEMPATH\CodeIgniter.php(479): CodeIgniter\Filters\Filters->run('api/booking', 'before')
 4 SYSTEMPATH\CodeIgniter.php(354): CodeIgniter\CodeIgniter->handleRequest(null, Object(Config\Cache), false)
 5 SYSTEMPATH\Boot.php(363): CodeIgniter\CodeIgniter->run()
 6 SYSTEMPATH\Boot.php(68): CodeIgniter\Boot::runCodeIgniter(Object(CodeIgniter\CodeIgniter))
 7 FCPATH\index.php(59): CodeIgniter\Boot::bootWeb(Object(Config\Paths))
 8 SYSTEMPATH\rewrite.php(44): require_once('C:\\xampp\\htdocs\\PROJECT-SPORTSPACE\\sportspace\\sportspace\\public\\index.php')
WARNING - 2026-07-07 18:12:00 --> [DEPRECATED] Creation of dynamic property CodeIgniter\HTTP\IncomingRequest::$user is deprecated in APPPATH\Filters\JwtAuth.php on line 29.
 1 SYSTEMPATH\Filters\Filters.php(241): App\Filters\JwtAuth->before(Object(CodeIgniter\HTTP\IncomingRequest), null)
 2 SYSTEMPATH\Filters\Filters.php(221): CodeIgniter\Filters\Filters->runBefore([...])
 3 SYSTEMPATH\CodeIgniter.php(479): CodeIgniter\Filters\Filters->run('api/booking', 'before')
 4 SYSTEMPATH\CodeIgniter.php(354): CodeIgniter\CodeIgniter->handleRequest(null, Object(Config\Cache), false)
 5 SYSTEMPATH\Boot.php(363): CodeIgniter\CodeIgniter->run()
 6 SYSTEMPATH\Boot.php(68): CodeIgniter\Boot::runCodeIgniter(Object(CodeIgniter\CodeIgniter))
 7 FCPATH\index.php(59): CodeIgniter\Boot::bootWeb(Object(Config\Paths))
 8 SYSTEMPATH\rewrite.php(44): require_once('C:\\xampp\\htdocs\\PROJECT-SPORTSPACE\\sportspace\\sportspace\\public\\index.php')
WARNING - 2026-07-07 18:12:15 --> [DEPRECATED] Creation of dynamic property CodeIgniter\HTTP\IncomingRequest::$user is deprecated in APPPATH\Filters\JwtAuth.php on line 29.
 1 SYSTEMPATH\Filters\Filters.php(241): App\Filters\JwtAuth->before(Object(CodeIgniter\HTTP\IncomingRequest), null)
 2 SYSTEMPATH\Filters\Filters.php(221): CodeIgniter\Filters\Filters->runBefore([...])
 3 SYSTEMPATH\CodeIgniter.php(479): CodeIgniter\Filters\Filters->run('api/booking/68/upload-bukti', 'before')
 4 SYSTEMPATH\CodeIgniter.php(354): CodeIgniter\CodeIgniter->handleRequest(null, Object(Config\Cache), false)
 5 SYSTEMPATH\Boot.php(363): CodeIgniter\CodeIgniter->run()
 6 SYSTEMPATH\Boot.php(68): CodeIgniter\Boot::runCodeIgniter(Object(CodeIgniter\CodeIgniter))
 7 FCPATH\index.php(59): CodeIgniter\Boot::bootWeb(Object(Config\Paths))
 8 SYSTEMPATH\rewrite.php(44): require_once('C:\\xampp\\htdocs\\PROJECT-SPORTSPACE\\sportspace\\sportspace\\public\\index.php')
WARNING - 2026-07-07 18:12:17 --> [DEPRECATED] Creation of dynamic property CodeIgniter\HTTP\IncomingRequest::$user is deprecated in APPPATH\Filters\JwtAuth.php on line 29.
 1 SYSTEMPATH\Filters\Filters.php(241): App\Filters\JwtAuth->before(Object(CodeIgniter\HTTP\IncomingRequest), null)
 2 SYSTEMPATH\Filters\Filters.php(221): CodeIgniter\Filters\Filters->runBefore([...])
 3 SYSTEMPATH\CodeIgniter.php(479): CodeIgniter\Filters\Filters->run('api/booking', 'before')
 4 SYSTEMPATH\CodeIgniter.php(354): CodeIgniter\CodeIgniter->handleRequest(null, Object(Config\Cache), false)
 5 SYSTEMPATH\Boot.php(363): CodeIgniter\CodeIgniter->run()
 6 SYSTEMPATH\Boot.php(68): CodeIgniter\Boot::runCodeIgniter(Object(CodeIgniter\CodeIgniter))
 7 FCPATH\index.php(59): CodeIgniter\Boot::bootWeb(Object(Config\Paths))
 8 SYSTEMPATH\rewrite.php(44): require_once('C:\\xampp\\htdocs\\PROJECT-SPORTSPACE\\sportspace\\sportspace\\public\\index.php')
WARNING - 2026-07-07 18:12:19 --> [DEPRECATED] Creation of dynamic property CodeIgniter\HTTP\IncomingRequest::$user is deprecated in APPPATH\Filters\JwtAuth.php on line 29.
 1 SYSTEMPATH\Filters\Filters.php(241): App\Filters\JwtAuth->before(Object(CodeIgniter\HTTP\IncomingRequest), null)
 2 SYSTEMPATH\Filters\Filters.php(221): CodeIgniter\Filters\Filters->runBefore([...])
 3 SYSTEMPATH\CodeIgniter.php(479): CodeIgniter\Filters\Filters->run('api/booking', 'before')
 4 SYSTEMPATH\CodeIgniter.php(354): CodeIgniter\CodeIgniter->handleRequest(null, Object(Config\Cache), false)
 5 SYSTEMPATH\Boot.php(363): CodeIgniter\CodeIgniter->run()
 6 SYSTEMPATH\Boot.php(68): CodeIgniter\Boot::runCodeIgniter(Object(CodeIgniter\CodeIgniter))
 7 FCPATH\index.php(59): CodeIgniter\Boot::bootWeb(Object(Config\Paths))
 8 SYSTEMPATH\rewrite.php(44): require_once('C:\\xampp\\htdocs\\PROJECT-SPORTSPACE\\sportspace\\sportspace\\public\\index.php')
DEBUG - 2026-07-07 18:12:40 --> Session: Class initialized using 'CodeIgniter\Session\Handlers\FileHandler' driver.
DEBUG - 2026-07-07 18:12:49 --> Session: Class initialized using 'CodeIgniter\Session\Handlers\FileHandler' driver.
CRITICAL - 2026-07-07 18:13:03 --> ValueError: Path cannot be empty
[Method: GET, Route: api/partner-logo/dynamix]
in APPPATH\Controllers\Api\PartnerLogoApi.php on line 63.
 1 APPPATH\Controllers\Api\PartnerLogoApi.php(63): file_get_contents('', false, resource (stream-context))
 2 APPPATH\Controllers\Api\PartnerLogoApi.php(28): App\Controllers\Api\PartnerLogoApi->fetchUrl('')
 3 SYSTEMPATH\CodeIgniter.php(933): App\Controllers\Api\PartnerLogoApi->serve('dynamix')
 4 SYSTEMPATH\CodeIgniter.php(507): CodeIgniter\CodeIgniter->runController(Object(App\Controllers\Api\PartnerLogoApi))
 5 SYSTEMPATH\CodeIgniter.php(354): CodeIgniter\CodeIgniter->handleRequest(null, Object(Config\Cache), false)
 6 SYSTEMPATH\Boot.php(363): CodeIgniter\CodeIgniter->run()
 7 SYSTEMPATH\Boot.php(68): CodeIgniter\Boot::runCodeIgniter(Object(CodeIgniter\CodeIgniter))
 8 FCPATH\index.php(59): CodeIgniter\Boot::bootWeb(Object(Config\Paths))
 9 SYSTEMPATH\rewrite.php(44): require_once('C:\\xampp\\htdocs\\PROJECT-SPORTSPACE\\sportspace\\sportspace\\public\\index.php')
CRITICAL - 2026-07-07 18:13:03 --> ErrorException: Uncaught CodeIgniter\Format\Exceptions\FormatException: Failed to parse JSON string. Error: Type is not supported in C:\xampp\htdocs\PROJECT-SPORTSPACE\sportspace\sportspace\vendor\codeigniter4\framework\system\Format\JSONFormatter.php:47
Stack trace:
#0 C:\xampp\htdocs\PROJECT-SPORTSPACE\sportspace\sportspace\vendor\codeigniter4\framework\system\Format\JSONFormatter.php(47): CodeIgniter\Format\Exceptions\FormatException::forInvalidJSON('Type is not sup...')
#1 C:\xampp\htdocs\PROJECT-SPORTSPACE\sportspace\sportspace\vendor\codeigniter4\framework\system\API\ResponseTrait.php(347): CodeIgniter\Format\JSONFormatter->format(Array)
#2 C:\xampp\htdocs\PROJECT-SPORTSPACE\sportspace\sportspace\vendor\codeigniter4\framework\system\API\ResponseTrait.php(106): CodeIgniter\Debug\ExceptionHandler->format(Array)
#3 C:\xampp\htdocs\PROJECT-SPORTSPACE\sportspace\sportspace\vendor\codeigniter4\framework\system\Debug\ExceptionHandler.php(85): CodeIgniter\Debug\ExceptionHandler->respond(Array, 500)
#4 C:\xampp\htdocs\PROJECT-SPORTSPACE\sportspace\sportspace\vendor\codeigniter4\framework\system\Debug\Exceptions.php(162): CodeIgniter\Debug\ExceptionHandler->handle(Object(ValueError), Object(CodeIgniter\HTTP\IncomingRequest), Object(CodeIgniter\HTTP\Response), 500, 1)
#5 [internal function]: CodeIgniter\Debug\Exceptions->exceptionHandler(Object(ValueError))
#6 {main}
  thrown
【Previous Exception】
ValueError
Path cannot be empty
#0 C:\xampp\htdocs\PROJECT-SPORTSPACE\sportspace\sportspace\app\Controllers\Api\PartnerLogoApi.php(63): file_get_contents('', false, Resource id #9)
#1 C:\xampp\htdocs\PROJECT-SPORTSPACE\sportspace\sportspace\app\Controllers\Api\PartnerLogoApi.php(28): App\Controllers\Api\PartnerLogoApi->fetchUrl('')
#2 C:\xampp\htdocs\PROJECT-SPORTSPACE\sportspace\sportspace\vendor\codeigniter4\framework\system\CodeIgniter.php(933): App\Controllers\Api\PartnerLogoApi->serve('dynamix')
#3 C:\xampp\htdocs\PROJECT-SPORTSPACE\sportspace\sportspace\vendor\codeigniter4\framework\system\CodeIgniter.php(507): CodeIgniter\CodeIgniter->runController(Object(App\Controllers\Api\PartnerLogoApi))
#4 C:\xampp\htdocs\PROJECT-SPORTSPACE\sportspace\sportspace\vendor\codeigniter4\framework\system\CodeIgniter.php(354): CodeIgniter\CodeIgniter->handleRequest(NULL, Object(Config\Cache), false)
#5 C:\xampp\htdocs\PROJECT-SPORTSPACE\sportspace\sportspace\vendor\codeigniter4\framework\system\Boot.php(363): CodeIgniter\CodeIgniter->run()
#6 C:\xampp\htdocs\PROJECT-SPORTSPACE\sportspace\sportspace\vendor\codeigniter4\framework\system\Boot.php(68): CodeIgniter\Boot::runCodeIgniter(Object(CodeIgniter\CodeIgniter))
#7 C:\xampp\htdocs\PROJECT-SPORTSPACE\sportspace\sportspace\public\index.php(59): CodeIgniter\Boot::bootWeb(Object(Config\Paths))
#8 C:\xampp\htdocs\PROJECT-SPORTSPACE\sportspace\sportspace\vendor\codeigniter4\framework\system\rewrite.php(44): require_once('C:\\xampp\\htdocs...')
#9 {main}
[Method: GET, Route: api/partner-logo/dynamix]
in SYSTEMPATH\Format\JSONFormatter.php on line 47.
 1 [internal function]: CodeIgniter\Debug\Exceptions->shutdownHandler()
WARNING - 2026-07-07 18:13:07 --> [DEPRECATED] Creation of dynamic property CodeIgniter\HTTP\IncomingRequest::$user is deprecated in APPPATH\Filters\JwtAuth.php on line 29.
 1 SYSTEMPATH\Filters\Filters.php(241): App\Filters\JwtAuth->before(Object(CodeIgniter\HTTP\IncomingRequest), null)
 2 SYSTEMPATH\Filters\Filters.php(221): CodeIgniter\Filters\Filters->runBefore([...])
 3 SYSTEMPATH\CodeIgniter.php(479): CodeIgniter\Filters\Filters->run('api/booking', 'before')
 4 SYSTEMPATH\CodeIgniter.php(354): CodeIgniter\CodeIgniter->handleRequest(null, Object(Config\Cache), false)
 5 SYSTEMPATH\Boot.php(363): CodeIgniter\CodeIgniter->run()
 6 SYSTEMPATH\Boot.php(68): CodeIgniter\Boot::runCodeIgniter(Object(CodeIgniter\CodeIgniter))
 7 FCPATH\index.php(59): CodeIgniter\Boot::bootWeb(Object(Config\Paths))
 8 SYSTEMPATH\rewrite.php(44): require_once('C:\\xampp\\htdocs\\PROJECT-SPORTSPACE\\sportspace\\sportspace\\public\\index.php')
WARNING - 2026-07-07 18:13:09 --> [DEPRECATED] Creation of dynamic property CodeIgniter\HTTP\IncomingRequest::$user is deprecated in APPPATH\Filters\JwtAuth.php on line 29.
 1 SYSTEMPATH\Filters\Filters.php(241): App\Filters\JwtAuth->before(Object(CodeIgniter\HTTP\IncomingRequest), null)
 2 SYSTEMPATH\Filters\Filters.php(221): CodeIgniter\Filters\Filters->runBefore([...])
 3 SYSTEMPATH\CodeIgniter.php(479): CodeIgniter\Filters\Filters->run('api/booking', 'before')
 4 SYSTEMPATH\CodeIgniter.php(354): CodeIgniter\CodeIgniter->handleRequest(null, Object(Config\Cache), false)
 5 SYSTEMPATH\Boot.php(363): CodeIgniter\CodeIgniter->run()
 6 SYSTEMPATH\Boot.php(68): CodeIgniter\Boot::runCodeIgniter(Object(CodeIgniter\CodeIgniter))
 7 FCPATH\index.php(59): CodeIgniter\Boot::bootWeb(Object(Config\Paths))
 8 SYSTEMPATH\rewrite.php(44): require_once('C:\\xampp\\htdocs\\PROJECT-SPORTSPACE\\sportspace\\sportspace\\public\\index.php')
WARNING - 2026-07-07 18:13:32 --> [DEPRECATED] Creation of dynamic property CodeIgniter\HTTP\IncomingRequest::$user is deprecated in APPPATH\Filters\JwtAuth.php on line 29.
 1 SYSTEMPATH\Filters\Filters.php(241): App\Filters\JwtAuth->before(Object(CodeIgniter\HTTP\IncomingRequest), null)
 2 SYSTEMPATH\Filters\Filters.php(221): CodeIgniter\Filters\Filters->runBefore([...])
 3 SYSTEMPATH\CodeIgniter.php(479): CodeIgniter\Filters\Filters->run('api/auth/profile', 'before')
 4 SYSTEMPATH\CodeIgniter.php(354): CodeIgniter\CodeIgniter->handleRequest(null, Object(Config\Cache), false)
 5 SYSTEMPATH\Boot.php(363): CodeIgniter\CodeIgniter->run()
 6 SYSTEMPATH\Boot.php(68): CodeIgniter\Boot::runCodeIgniter(Object(CodeIgniter\CodeIgniter))
 7 FCPATH\index.php(59): CodeIgniter\Boot::bootWeb(Object(Config\Paths))
 8 SYSTEMPATH\rewrite.php(44): require_once('C:\\xampp\\htdocs\\PROJECT-SPORTSPACE\\sportspace\\sportspace\\public\\index.php')
WARNING - 2026-07-07 18:13:34 --> [DEPRECATED] Creation of dynamic property CodeIgniter\HTTP\IncomingRequest::$user is deprecated in APPPATH\Filters\JwtAuth.php on line 29.
 1 SYSTEMPATH\Filters\Filters.php(241): App\Filters\JwtAuth->before(Object(CodeIgniter\HTTP\IncomingRequest), null)
 2 SYSTEMPATH\Filters\Filters.php(221): CodeIgniter\Filters\Filters->runBefore([...])
 3 SYSTEMPATH\CodeIgniter.php(479): CodeIgniter\Filters\Filters->run('api/auth/profile/photo', 'before')
 4 SYSTEMPATH\CodeIgniter.php(354): CodeIgniter\CodeIgniter->handleRequest(null, Object(Config\Cache), false)
 5 SYSTEMPATH\Boot.php(363): CodeIgniter\CodeIgniter->run()
 6 SYSTEMPATH\Boot.php(68): CodeIgniter\Boot::runCodeIgniter(Object(CodeIgniter\CodeIgniter))
 7 FCPATH\index.php(59): CodeIgniter\Boot::bootWeb(Object(Config\Paths))
 8 SYSTEMPATH\rewrite.php(44): require_once('C:\\xampp\\htdocs\\PROJECT-SPORTSPACE\\sportspace\\sportspace\\public\\index.php')
DEBUG - 2026-07-07 18:14:00 --> Session: Class initialized using 'CodeIgniter\Session\Handlers\FileHandler' driver.
DEBUG - 2026-07-07 18:14:11 --> Session: Class initialized using 'CodeIgniter\Session\Handlers\FileHandler' driver.
DEBUG - 2026-07-07 18:14:14 --> Session: Class initialized using 'CodeIgniter\Session\Handlers\FileHandler' driver.
DEBUG - 2026-07-07 18:14:28 --> Session: Class initialized using 'CodeIgniter\Session\Handlers\FileHandler' driver.
DEBUG - 2026-07-07 18:14:31 --> Session: Class initialized using 'CodeIgniter\Session\Handlers\FileHandler' driver.
DEBUG - 2026-07-07 18:14:39 --> Session: Class initialized using 'CodeIgniter\Session\Handlers\FileHandler' driver.
DEBUG - 2026-07-07 18:14:41 --> Session: Class initialized using 'CodeIgniter\Session\Handlers\FileHandler' driver.
DEBUG - 2026-07-07 18:14:43 --> Session: Class initialized using 'CodeIgniter\Session\Handlers\FileHandler' driver.
DEBUG - 2026-07-07 18:14:45 --> Session: Class initialized using 'CodeIgniter\Session\Handlers\FileHandler' driver.
DEBUG - 2026-07-07 18:14:51 --> Session: Class initialized using 'CodeIgniter\Session\Handlers\FileHandler' driver.
DEBUG - 2026-07-07 18:14:59 --> Session: Class initialized using 'CodeIgniter\Session\Handlers\FileHandler' driver.
CRITICAL - 2026-07-07 18:19:42 --> ValueError: Path cannot be empty
[Method: GET, Route: api/partner-logo/dynamix]
in APPPATH\Controllers\Api\PartnerLogoApi.php on line 63.
 1 APPPATH\Controllers\Api\PartnerLogoApi.php(63): file_get_contents('', false, resource (stream-context))
 2 APPPATH\Controllers\Api\PartnerLogoApi.php(28): App\Controllers\Api\PartnerLogoApi->fetchUrl('')
 3 SYSTEMPATH\CodeIgniter.php(933): App\Controllers\Api\PartnerLogoApi->serve('dynamix')
 4 SYSTEMPATH\CodeIgniter.php(507): CodeIgniter\CodeIgniter->runController(Object(App\Controllers\Api\PartnerLogoApi))
 5 SYSTEMPATH\CodeIgniter.php(354): CodeIgniter\CodeIgniter->handleRequest(null, Object(Config\Cache), false)
 6 SYSTEMPATH\Boot.php(363): CodeIgniter\CodeIgniter->run()
 7 SYSTEMPATH\Boot.php(68): CodeIgniter\Boot::runCodeIgniter(Object(CodeIgniter\CodeIgniter))
 8 FCPATH\index.php(59): CodeIgniter\Boot::bootWeb(Object(Config\Paths))
 9 SYSTEMPATH\rewrite.php(44): require_once('C:\\xampp\\htdocs\\PROJECT-SPORTSPACE\\sportspace\\sportspace\\public\\index.php')
CRITICAL - 2026-07-07 18:19:42 --> ErrorException: Uncaught CodeIgniter\Format\Exceptions\FormatException: Failed to parse JSON string. Error: Type is not supported in C:\xampp\htdocs\PROJECT-SPORTSPACE\sportspace\sportspace\vendor\codeigniter4\framework\system\Format\JSONFormatter.php:47
Stack trace:
#0 C:\xampp\htdocs\PROJECT-SPORTSPACE\sportspace\sportspace\vendor\codeigniter4\framework\system\Format\JSONFormatter.php(47): CodeIgniter\Format\Exceptions\FormatException::forInvalidJSON('Type is not sup...')
#1 C:\xampp\htdocs\PROJECT-SPORTSPACE\sportspace\sportspace\vendor\codeigniter4\framework\system\API\ResponseTrait.php(347): CodeIgniter\Format\JSONFormatter->format(Array)
#2 C:\xampp\htdocs\PROJECT-SPORTSPACE\sportspace\sportspace\vendor\codeigniter4\framework\system\API\ResponseTrait.php(106): CodeIgniter\Debug\ExceptionHandler->format(Array)
#3 C:\xampp\htdocs\PROJECT-SPORTSPACE\sportspace\sportspace\vendor\codeigniter4\framework\system\Debug\ExceptionHandler.php(85): CodeIgniter\Debug\ExceptionHandler->respond(Array, 500)
#4 C:\xampp\htdocs\PROJECT-SPORTSPACE\sportspace\sportspace\vendor\codeigniter4\framework\system\Debug\Exceptions.php(162): CodeIgniter\Debug\ExceptionHandler->handle(Object(ValueError), Object(CodeIgniter\HTTP\IncomingRequest), Object(CodeIgniter\HTTP\Response), 500, 1)
#5 [internal function]: CodeIgniter\Debug\Exceptions->exceptionHandler(Object(ValueError))
#6 {main}
  thrown
【Previous Exception】
ValueError
Path cannot be empty
#0 C:\xampp\htdocs\PROJECT-SPORTSPACE\sportspace\sportspace\app\Controllers\Api\PartnerLogoApi.php(63): file_get_contents('', false, Resource id #9)
#1 C:\xampp\htdocs\PROJECT-SPORTSPACE\sportspace\sportspace\app\Controllers\Api\PartnerLogoApi.php(28): App\Controllers\Api\PartnerLogoApi->fetchUrl('')
#2 C:\xampp\htdocs\PROJECT-SPORTSPACE\sportspace\sportspace\vendor\codeigniter4\framework\system\CodeIgniter.php(933): App\Controllers\Api\PartnerLogoApi->serve('dynamix')
#3 C:\xampp\htdocs\PROJECT-SPORTSPACE\sportspace\sportspace\vendor\codeigniter4\framework\system\CodeIgniter.php(507): CodeIgniter\CodeIgniter->runController(Object(App\Controllers\Api\PartnerLogoApi))
#4 C:\xampp\htdocs\PROJECT-SPORTSPACE\sportspace\sportspace\vendor\codeigniter4\framework\system\CodeIgniter.php(354): CodeIgniter\CodeIgniter->handleRequest(NULL, Object(Config\Cache), false)
#5 C:\xampp\htdocs\PROJECT-SPORTSPACE\sportspace\sportspace\vendor\codeigniter4\framework\system\Boot.php(363): CodeIgniter\CodeIgniter->run()
#6 C:\xampp\htdocs\PROJECT-SPORTSPACE\sportspace\sportspace\vendor\codeigniter4\framework\system\Boot.php(68): CodeIgniter\Boot::runCodeIgniter(Object(CodeIgniter\CodeIgniter))
#7 C:\xampp\htdocs\PROJECT-SPORTSPACE\sportspace\sportspace\public\index.php(59): CodeIgniter\Boot::bootWeb(Object(Config\Paths))
#8 C:\xampp\htdocs\PROJECT-SPORTSPACE\sportspace\sportspace\vendor\codeigniter4\framework\system\rewrite.php(44): require_once('C:\\xampp\\htdocs...')
#9 {main}
[Method: GET, Route: api/partner-logo/dynamix]
in SYSTEMPATH\Format\JSONFormatter.php on line 47.
 1 [internal function]: CodeIgniter\Debug\Exceptions->shutdownHandler()
CRITICAL - 2026-07-07 18:20:11 --> ValueError: Path cannot be empty
[Method: GET, Route: api/partner-logo/dynamix]
in APPPATH\Controllers\Api\PartnerLogoApi.php on line 63.
 1 APPPATH\Controllers\Api\PartnerLogoApi.php(63): file_get_contents('', false, resource (stream-context))
 2 APPPATH\Controllers\Api\PartnerLogoApi.php(28): App\Controllers\Api\PartnerLogoApi->fetchUrl('')
 3 SYSTEMPATH\CodeIgniter.php(933): App\Controllers\Api\PartnerLogoApi->serve('dynamix')
 4 SYSTEMPATH\CodeIgniter.php(507): CodeIgniter\CodeIgniter->runController(Object(App\Controllers\Api\PartnerLogoApi))
 5 SYSTEMPATH\CodeIgniter.php(354): CodeIgniter\CodeIgniter->handleRequest(null, Object(Config\Cache), false)
 6 SYSTEMPATH\Boot.php(363): CodeIgniter\CodeIgniter->run()
 7 SYSTEMPATH\Boot.php(68): CodeIgniter\Boot::runCodeIgniter(Object(CodeIgniter\CodeIgniter))
 8 FCPATH\index.php(59): CodeIgniter\Boot::bootWeb(Object(Config\Paths))
 9 SYSTEMPATH\rewrite.php(44): require_once('C:\\xampp\\htdocs\\PROJECT-SPORTSPACE\\sportspace\\sportspace\\public\\index.php')
CRITICAL - 2026-07-07 18:20:11 --> ErrorException: Uncaught CodeIgniter\Format\Exceptions\FormatException: Failed to parse JSON string. Error: Type is not supported in C:\xampp\htdocs\PROJECT-SPORTSPACE\sportspace\sportspace\vendor\codeigniter4\framework\system\Format\JSONFormatter.php:47
Stack trace:
#0 C:\xampp\htdocs\PROJECT-SPORTSPACE\sportspace\sportspace\vendor\codeigniter4\framework\system\Format\JSONFormatter.php(47): CodeIgniter\Format\Exceptions\FormatException::forInvalidJSON('Type is not sup...')
#1 C:\xampp\htdocs\PROJECT-SPORTSPACE\sportspace\sportspace\vendor\codeigniter4\framework\system\API\ResponseTrait.php(347): CodeIgniter\Format\JSONFormatter->format(Array)
#2 C:\xampp\htdocs\PROJECT-SPORTSPACE\sportspace\sportspace\vendor\codeigniter4\framework\system\API\ResponseTrait.php(106): CodeIgniter\Debug\ExceptionHandler->format(Array)
#3 C:\xampp\htdocs\PROJECT-SPORTSPACE\sportspace\sportspace\vendor\codeigniter4\framework\system\Debug\ExceptionHandler.php(85): CodeIgniter\Debug\ExceptionHandler->respond(Array, 500)
#4 C:\xampp\htdocs\PROJECT-SPORTSPACE\sportspace\sportspace\vendor\codeigniter4\framework\system\Debug\Exceptions.php(162): CodeIgniter\Debug\ExceptionHandler->handle(Object(ValueError), Object(CodeIgniter\HTTP\IncomingRequest), Object(CodeIgniter\HTTP\Response), 500, 1)
#5 [internal function]: CodeIgniter\Debug\Exceptions->exceptionHandler(Object(ValueError))
#6 {main}
  thrown
【Previous Exception】
ValueError
Path cannot be empty
#0 C:\xampp\htdocs\PROJECT-SPORTSPACE\sportspace\sportspace\app\Controllers\Api\PartnerLogoApi.php(63): file_get_contents('', false, Resource id #9)
#1 C:\xampp\htdocs\PROJECT-SPORTSPACE\sportspace\sportspace\app\Controllers\Api\PartnerLogoApi.php(28): App\Controllers\Api\PartnerLogoApi->fetchUrl('')
#2 C:\xampp\htdocs\PROJECT-SPORTSPACE\sportspace\sportspace\vendor\codeigniter4\framework\system\CodeIgniter.php(933): App\Controllers\Api\PartnerLogoApi->serve('dynamix')
#3 C:\xampp\htdocs\PROJECT-SPORTSPACE\sportspace\sportspace\vendor\codeigniter4\framework\system\CodeIgniter.php(507): CodeIgniter\CodeIgniter->runController(Object(App\Controllers\Api\PartnerLogoApi))
#4 C:\xampp\htdocs\PROJECT-SPORTSPACE\sportspace\sportspace\vendor\codeigniter4\framework\system\CodeIgniter.php(354): CodeIgniter\CodeIgniter->handleRequest(NULL, Object(Config\Cache), false)
#5 C:\xampp\htdocs\PROJECT-SPORTSPACE\sportspace\sportspace\vendor\codeigniter4\framework\system\Boot.php(363): CodeIgniter\CodeIgniter->run()
#6 C:\xampp\htdocs\PROJECT-SPORTSPACE\sportspace\sportspace\vendor\codeigniter4\framework\system\Boot.php(68): CodeIgniter\Boot::runCodeIgniter(Object(CodeIgniter\CodeIgniter))
#7 C:\xampp\htdocs\PROJECT-SPORTSPACE\sportspace\sportspace\public\index.php(59): CodeIgniter\Boot::bootWeb(Object(Config\Paths))
#8 C:\xampp\htdocs\PROJECT-SPORTSPACE\sportspace\sportspace\vendor\codeigniter4\framework\system\rewrite.php(44): require_once('C:\\xampp\\htdocs...')
#9 {main}
[Method: GET, Route: api/partner-logo/dynamix]
in SYSTEMPATH\Format\JSONFormatter.php on line 47.
 1 [internal function]: CodeIgniter\Debug\Exceptions->shutdownHandler()
WARNING - 2026-07-07 18:20:55 --> [DEPRECATED] Creation of dynamic property CodeIgniter\HTTP\IncomingRequest::$user is deprecated in APPPATH\Filters\JwtAuth.php on line 29.
 1 SYSTEMPATH\Filters\Filters.php(241): App\Filters\JwtAuth->before(Object(CodeIgniter\HTTP\IncomingRequest), null)
 2 SYSTEMPATH\Filters\Filters.php(221): CodeIgniter\Filters\Filters->runBefore([...])
 3 SYSTEMPATH\CodeIgniter.php(479): CodeIgniter\Filters\Filters->run('api/auth/profile', 'before')
 4 SYSTEMPATH\CodeIgniter.php(354): CodeIgniter\CodeIgniter->handleRequest(null, Object(Config\Cache), false)
 5 SYSTEMPATH\Boot.php(363): CodeIgniter\CodeIgniter->run()
 6 SYSTEMPATH\Boot.php(68): CodeIgniter\Boot::runCodeIgniter(Object(CodeIgniter\CodeIgniter))
 7 FCPATH\index.php(59): CodeIgniter\Boot::bootWeb(Object(Config\Paths))
 8 SYSTEMPATH\rewrite.php(44): require_once('C:\\xampp\\htdocs\\PROJECT-SPORTSPACE\\sportspace\\sportspace\\public\\index.php')
WARNING - 2026-07-07 18:20:57 --> [DEPRECATED] Creation of dynamic property CodeIgniter\HTTP\IncomingRequest::$user is deprecated in APPPATH\Filters\JwtAuth.php on line 29.
 1 SYSTEMPATH\Filters\Filters.php(241): App\Filters\JwtAuth->before(Object(CodeIgniter\HTTP\IncomingRequest), null)
 2 SYSTEMPATH\Filters\Filters.php(221): CodeIgniter\Filters\Filters->runBefore([...])
 3 SYSTEMPATH\CodeIgniter.php(479): CodeIgniter\Filters\Filters->run('api/auth/profile/photo', 'before')
 4 SYSTEMPATH\CodeIgniter.php(354): CodeIgniter\CodeIgniter->handleRequest(null, Object(Config\Cache), false)
 5 SYSTEMPATH\Boot.php(363): CodeIgniter\CodeIgniter->run()
 6 SYSTEMPATH\Boot.php(68): CodeIgniter\Boot::runCodeIgniter(Object(CodeIgniter\CodeIgniter))
 7 FCPATH\index.php(59): CodeIgniter\Boot::bootWeb(Object(Config\Paths))
 8 SYSTEMPATH\rewrite.php(44): require_once('C:\\xampp\\htdocs\\PROJECT-SPORTSPACE\\sportspace\\sportspace\\public\\index.php')
DEBUG - 2026-07-07 18:21:14 --> Session: Class initialized using 'CodeIgniter\Session\Handlers\FileHandler' driver.
DEBUG - 2026-07-07 18:21:18 --> Session: Class initialized using 'CodeIgniter\Session\Handlers\FileHandler' driver.
DEBUG - 2026-07-07 18:21:28 --> Session: Class initialized using 'CodeIgniter\Session\Handlers\FileHandler' driver.
CRITICAL - 2026-07-07 18:25:25 --> ValueError: Path cannot be empty
[Method: GET, Route: api/partner-logo/dynamix]
in APPPATH\Controllers\Api\PartnerLogoApi.php on line 63.
 1 APPPATH\Controllers\Api\PartnerLogoApi.php(63): file_get_contents('', false, resource (stream-context))
 2 APPPATH\Controllers\Api\PartnerLogoApi.php(28): App\Controllers\Api\PartnerLogoApi->fetchUrl('')
 3 SYSTEMPATH\CodeIgniter.php(933): App\Controllers\Api\PartnerLogoApi->serve('dynamix')
 4 SYSTEMPATH\CodeIgniter.php(507): CodeIgniter\CodeIgniter->runController(Object(App\Controllers\Api\PartnerLogoApi))
 5 SYSTEMPATH\CodeIgniter.php(354): CodeIgniter\CodeIgniter->handleRequest(null, Object(Config\Cache), false)
 6 SYSTEMPATH\Boot.php(363): CodeIgniter\CodeIgniter->run()
 7 SYSTEMPATH\Boot.php(68): CodeIgniter\Boot::runCodeIgniter(Object(CodeIgniter\CodeIgniter))
 8 FCPATH\index.php(59): CodeIgniter\Boot::bootWeb(Object(Config\Paths))
 9 SYSTEMPATH\rewrite.php(44): require_once('C:\\xampp\\htdocs\\PROJECT-SPORTSPACE\\sportspace\\sportspace\\public\\index.php')
CRITICAL - 2026-07-07 18:25:25 --> ErrorException: Uncaught CodeIgniter\Format\Exceptions\FormatException: Failed to parse JSON string. Error: Type is not supported in C:\xampp\htdocs\PROJECT-SPORTSPACE\sportspace\sportspace\vendor\codeigniter4\framework\system\Format\JSONFormatter.php:47
Stack trace:
#0 C:\xampp\htdocs\PROJECT-SPORTSPACE\sportspace\sportspace\vendor\codeigniter4\framework\system\Format\JSONFormatter.php(47): CodeIgniter\Format\Exceptions\FormatException::forInvalidJSON('Type is not sup...')
#1 C:\xampp\htdocs\PROJECT-SPORTSPACE\sportspace\sportspace\vendor\codeigniter4\framework\system\API\ResponseTrait.php(347): CodeIgniter\Format\JSONFormatter->format(Array)
#2 C:\xampp\htdocs\PROJECT-SPORTSPACE\sportspace\sportspace\vendor\codeigniter4\framework\system\API\ResponseTrait.php(106): CodeIgniter\Debug\ExceptionHandler->format(Array)
#3 C:\xampp\htdocs\PROJECT-SPORTSPACE\sportspace\sportspace\vendor\codeigniter4\framework\system\Debug\ExceptionHandler.php(85): CodeIgniter\Debug\ExceptionHandler->respond(Array, 500)
#4 C:\xampp\htdocs\PROJECT-SPORTSPACE\sportspace\sportspace\vendor\codeigniter4\framework\system\Debug\Exceptions.php(162): CodeIgniter\Debug\ExceptionHandler->handle(Object(ValueError), Object(CodeIgniter\HTTP\IncomingRequest), Object(CodeIgniter\HTTP\Response), 500, 1)
#5 [internal function]: CodeIgniter\Debug\Exceptions->exceptionHandler(Object(ValueError))
#6 {main}
  thrown
【Previous Exception】
ValueError
Path cannot be empty
#0 C:\xampp\htdocs\PROJECT-SPORTSPACE\sportspace\sportspace\app\Controllers\Api\PartnerLogoApi.php(63): file_get_contents('', false, Resource id #9)
#1 C:\xampp\htdocs\PROJECT-SPORTSPACE\sportspace\sportspace\app\Controllers\Api\PartnerLogoApi.php(28): App\Controllers\Api\PartnerLogoApi->fetchUrl('')
#2 C:\xampp\htdocs\PROJECT-SPORTSPACE\sportspace\sportspace\vendor\codeigniter4\framework\system\CodeIgniter.php(933): App\Controllers\Api\PartnerLogoApi->serve('dynamix')
#3 C:\xampp\htdocs\PROJECT-SPORTSPACE\sportspace\sportspace\vendor\codeigniter4\framework\system\CodeIgniter.php(507): CodeIgniter\CodeIgniter->runController(Object(App\Controllers\Api\PartnerLogoApi))
#4 C:\xampp\htdocs\PROJECT-SPORTSPACE\sportspace\sportspace\vendor\codeigniter4\framework\system\CodeIgniter.php(354): CodeIgniter\CodeIgniter->handleRequest(NULL, Object(Config\Cache), false)
#5 C:\xampp\htdocs\PROJECT-SPORTSPACE\sportspace\sportspace\vendor\codeigniter4\framework\system\Boot.php(363): CodeIgniter\CodeIgniter->run()
#6 C:\xampp\htdocs\PROJECT-SPORTSPACE\sportspace\sportspace\vendor\codeigniter4\framework\system\Boot.php(68): CodeIgniter\Boot::runCodeIgniter(Object(CodeIgniter\CodeIgniter))
#7 C:\xampp\htdocs\PROJECT-SPORTSPACE\sportspace\sportspace\public\index.php(59): CodeIgniter\Boot::bootWeb(Object(Config\Paths))
#8 C:\xampp\htdocs\PROJECT-SPORTSPACE\sportspace\sportspace\vendor\codeigniter4\framework\system\rewrite.php(44): require_once('C:\\xampp\\htdocs...')
#9 {main}
[Method: GET, Route: api/partner-logo/dynamix]
in SYSTEMPATH\Format\JSONFormatter.php on line 47.
 1 [internal function]: CodeIgniter\Debug\Exceptions->shutdownHandler()
CRITICAL - 2026-07-07 18:29:59 --> ValueError: Path cannot be empty
[Method: GET, Route: api/partner-logo/dynamix]
in APPPATH\Controllers\Api\PartnerLogoApi.php on line 63.
 1 APPPATH\Controllers\Api\PartnerLogoApi.php(63): file_get_contents('', false, resource (stream-context))
 2 APPPATH\Controllers\Api\PartnerLogoApi.php(28): App\Controllers\Api\PartnerLogoApi->fetchUrl('')
 3 SYSTEMPATH\CodeIgniter.php(933): App\Controllers\Api\PartnerLogoApi->serve('dynamix')
 4 SYSTEMPATH\CodeIgniter.php(507): CodeIgniter\CodeIgniter->runController(Object(App\Controllers\Api\PartnerLogoApi))
 5 SYSTEMPATH\CodeIgniter.php(354): CodeIgniter\CodeIgniter->handleRequest(null, Object(Config\Cache), false)
 6 SYSTEMPATH\Boot.php(363): CodeIgniter\CodeIgniter->run()
 7 SYSTEMPATH\Boot.php(68): CodeIgniter\Boot::runCodeIgniter(Object(CodeIgniter\CodeIgniter))
 8 FCPATH\index.php(59): CodeIgniter\Boot::bootWeb(Object(Config\Paths))
 9 SYSTEMPATH\rewrite.php(44): require_once('C:\\xampp\\htdocs\\PROJECT-SPORTSPACE\\sportspace\\sportspace\\public\\index.php')
CRITICAL - 2026-07-07 18:29:59 --> ErrorException: Uncaught CodeIgniter\Format\Exceptions\FormatException: Failed to parse JSON string. Error: Type is not supported in C:\xampp\htdocs\PROJECT-SPORTSPACE\sportspace\sportspace\vendor\codeigniter4\framework\system\Format\JSONFormatter.php:47
Stack trace:
#0 C:\xampp\htdocs\PROJECT-SPORTSPACE\sportspace\sportspace\vendor\codeigniter4\framework\system\Format\JSONFormatter.php(47): CodeIgniter\Format\Exceptions\FormatException::forInvalidJSON('Type is not sup...')
#1 C:\xampp\htdocs\PROJECT-SPORTSPACE\sportspace\sportspace\vendor\codeigniter4\framework\system\API\ResponseTrait.php(347): CodeIgniter\Format\JSONFormatter->format(Array)
#2 C:\xampp\htdocs\PROJECT-SPORTSPACE\sportspace\sportspace\vendor\codeigniter4\framework\system\API\ResponseTrait.php(106): CodeIgniter\Debug\ExceptionHandler->format(Array)
#3 C:\xampp\htdocs\PROJECT-SPORTSPACE\sportspace\sportspace\vendor\codeigniter4\framework\system\Debug\ExceptionHandler.php(85): CodeIgniter\Debug\ExceptionHandler->respond(Array, 500)
#4 C:\xampp\htdocs\PROJECT-SPORTSPACE\sportspace\sportspace\vendor\codeigniter4\framework\system\Debug\Exceptions.php(162): CodeIgniter\Debug\ExceptionHandler->handle(Object(ValueError), Object(CodeIgniter\HTTP\IncomingRequest), Object(CodeIgniter\HTTP\Response), 500, 1)
#5 [internal function]: CodeIgniter\Debug\Exceptions->exceptionHandler(Object(ValueError))
#6 {main}
  thrown
【Previous Exception】
ValueError
Path cannot be empty
#0 C:\xampp\htdocs\PROJECT-SPORTSPACE\sportspace\sportspace\app\Controllers\Api\PartnerLogoApi.php(63): file_get_contents('', false, Resource id #9)
#1 C:\xampp\htdocs\PROJECT-SPORTSPACE\sportspace\sportspace\app\Controllers\Api\PartnerLogoApi.php(28): App\Controllers\Api\PartnerLogoApi->fetchUrl('')
#2 C:\xampp\htdocs\PROJECT-SPORTSPACE\sportspace\sportspace\vendor\codeigniter4\framework\system\CodeIgniter.php(933): App\Controllers\Api\PartnerLogoApi->serve('dynamix')
#3 C:\xampp\htdocs\PROJECT-SPORTSPACE\sportspace\sportspace\vendor\codeigniter4\framework\system\CodeIgniter.php(507): CodeIgniter\CodeIgniter->runController(Object(App\Controllers\Api\PartnerLogoApi))
#4 C:\xampp\htdocs\PROJECT-SPORTSPACE\sportspace\sportspace\vendor\codeigniter4\framework\system\CodeIgniter.php(354): CodeIgniter\CodeIgniter->handleRequest(NULL, Object(Config\Cache), false)
#5 C:\xampp\htdocs\PROJECT-SPORTSPACE\sportspace\sportspace\vendor\codeigniter4\framework\system\Boot.php(363): CodeIgniter\CodeIgniter->run()
#6 C:\xampp\htdocs\PROJECT-SPORTSPACE\sportspace\sportspace\vendor\codeigniter4\framework\system\Boot.php(68): CodeIgniter\Boot::runCodeIgniter(Object(CodeIgniter\CodeIgniter))
#7 C:\xampp\htdocs\PROJECT-SPORTSPACE\sportspace\sportspace\public\index.php(59): CodeIgniter\Boot::bootWeb(Object(Config\Paths))
#8 C:\xampp\htdocs\PROJECT-SPORTSPACE\sportspace\sportspace\vendor\codeigniter4\framework\system\rewrite.php(44): require_once('C:\\xampp\\htdocs...')
#9 {main}
[Method: GET, Route: api/partner-logo/dynamix]
in SYSTEMPATH\Format\JSONFormatter.php on line 47.
 1 [internal function]: CodeIgniter\Debug\Exceptions->shutdownHandler()
CRITICAL - 2026-07-07 18:33:27 --> ValueError: Path cannot be empty
[Method: GET, Route: api/partner-logo/dynamix]
in APPPATH\Controllers\Api\PartnerLogoApi.php on line 63.
 1 APPPATH\Controllers\Api\PartnerLogoApi.php(63): file_get_contents('', false, resource (stream-context))
 2 APPPATH\Controllers\Api\PartnerLogoApi.php(28): App\Controllers\Api\PartnerLogoApi->fetchUrl('')
 3 SYSTEMPATH\CodeIgniter.php(933): App\Controllers\Api\PartnerLogoApi->serve('dynamix')
 4 SYSTEMPATH\CodeIgniter.php(507): CodeIgniter\CodeIgniter->runController(Object(App\Controllers\Api\PartnerLogoApi))
 5 SYSTEMPATH\CodeIgniter.php(354): CodeIgniter\CodeIgniter->handleRequest(null, Object(Config\Cache), false)
 6 SYSTEMPATH\Boot.php(363): CodeIgniter\CodeIgniter->run()
 7 SYSTEMPATH\Boot.php(68): CodeIgniter\Boot::runCodeIgniter(Object(CodeIgniter\CodeIgniter))
 8 FCPATH\index.php(59): CodeIgniter\Boot::bootWeb(Object(Config\Paths))
 9 SYSTEMPATH\rewrite.php(44): require_once('C:\\xampp\\htdocs\\PROJECT-SPORTSPACE\\sportspace\\sportspace\\public\\index.php')
CRITICAL - 2026-07-07 18:33:27 --> ErrorException: Uncaught CodeIgniter\Format\Exceptions\FormatException: Failed to parse JSON string. Error: Type is not supported in C:\xampp\htdocs\PROJECT-SPORTSPACE\sportspace\sportspace\vendor\codeigniter4\framework\system\Format\JSONFormatter.php:47
Stack trace:
#0 C:\xampp\htdocs\PROJECT-SPORTSPACE\sportspace\sportspace\vendor\codeigniter4\framework\system\Format\JSONFormatter.php(47): CodeIgniter\Format\Exceptions\FormatException::forInvalidJSON('Type is not sup...')
#1 C:\xampp\htdocs\PROJECT-SPORTSPACE\sportspace\sportspace\vendor\codeigniter4\framework\system\API\ResponseTrait.php(347): CodeIgniter\Format\JSONFormatter->format(Array)
#2 C:\xampp\htdocs\PROJECT-SPORTSPACE\sportspace\sportspace\vendor\codeigniter4\framework\system\API\ResponseTrait.php(106): CodeIgniter\Debug\ExceptionHandler->format(Array)
#3 C:\xampp\htdocs\PROJECT-SPORTSPACE\sportspace\sportspace\vendor\codeigniter4\framework\system\Debug\ExceptionHandler.php(85): CodeIgniter\Debug\ExceptionHandler->respond(Array, 500)
#4 C:\xampp\htdocs\PROJECT-SPORTSPACE\sportspace\sportspace\vendor\codeigniter4\framework\system\Debug\Exceptions.php(162): CodeIgniter\Debug\ExceptionHandler->handle(Object(ValueError), Object(CodeIgniter\HTTP\IncomingRequest), Object(CodeIgniter\HTTP\Response), 500, 1)
#5 [internal function]: CodeIgniter\Debug\Exceptions->exceptionHandler(Object(ValueError))
#6 {main}
  thrown
【Previous Exception】
ValueError
Path cannot be empty
#0 C:\xampp\htdocs\PROJECT-SPORTSPACE\sportspace\sportspace\app\Controllers\Api\PartnerLogoApi.php(63): file_get_contents('', false, Resource id #9)
#1 C:\xampp\htdocs\PROJECT-SPORTSPACE\sportspace\sportspace\app\Controllers\Api\PartnerLogoApi.php(28): App\Controllers\Api\PartnerLogoApi->fetchUrl('')
#2 C:\xampp\htdocs\PROJECT-SPORTSPACE\sportspace\sportspace\vendor\codeigniter4\framework\system\CodeIgniter.php(933): App\Controllers\Api\PartnerLogoApi->serve('dynamix')
#3 C:\xampp\htdocs\PROJECT-SPORTSPACE\sportspace\sportspace\vendor\codeigniter4\framework\system\CodeIgniter.php(507): CodeIgniter\CodeIgniter->runController(Object(App\Controllers\Api\PartnerLogoApi))
#4 C:\xampp\htdocs\PROJECT-SPORTSPACE\sportspace\sportspace\vendor\codeigniter4\framework\system\CodeIgniter.php(354): CodeIgniter\CodeIgniter->handleRequest(NULL, Object(Config\Cache), false)
#5 C:\xampp\htdocs\PROJECT-SPORTSPACE\sportspace\sportspace\vendor\codeigniter4\framework\system\Boot.php(363): CodeIgniter\CodeIgniter->run()
#6 C:\xampp\htdocs\PROJECT-SPORTSPACE\sportspace\sportspace\vendor\codeigniter4\framework\system\Boot.php(68): CodeIgniter\Boot::runCodeIgniter(Object(CodeIgniter\CodeIgniter))
#7 C:\xampp\htdocs\PROJECT-SPORTSPACE\sportspace\sportspace\public\index.php(59): CodeIgniter\Boot::bootWeb(Object(Config\Paths))
#8 C:\xampp\htdocs\PROJECT-SPORTSPACE\sportspace\sportspace\vendor\codeigniter4\framework\system\rewrite.php(44): require_once('C:\\xampp\\htdocs...')
#9 {main}
[Method: GET, Route: api/partner-logo/dynamix]
in SYSTEMPATH\Format\JSONFormatter.php on line 47.
 1 [internal function]: CodeIgniter\Debug\Exceptions->shutdownHandler()
WARNING - 2026-07-07 18:33:54 --> [DEPRECATED] Creation of dynamic property CodeIgniter\HTTP\IncomingRequest::$user is deprecated in APPPATH\Filters\JwtAuth.php on line 29.
 1 SYSTEMPATH\Filters\Filters.php(241): App\Filters\JwtAuth->before(Object(CodeIgniter\HTTP\IncomingRequest), null)
 2 SYSTEMPATH\Filters\Filters.php(221): CodeIgniter\Filters\Filters->runBefore([...])
 3 SYSTEMPATH\CodeIgniter.php(479): CodeIgniter\Filters\Filters->run('api/booking', 'before')
 4 SYSTEMPATH\CodeIgniter.php(354): CodeIgniter\CodeIgniter->handleRequest(null, Object(Config\Cache), false)
 5 SYSTEMPATH\Boot.php(363): CodeIgniter\CodeIgniter->run()
 6 SYSTEMPATH\Boot.php(68): CodeIgniter\Boot::runCodeIgniter(Object(CodeIgniter\CodeIgniter))
 7 FCPATH\index.php(59): CodeIgniter\Boot::bootWeb(Object(Config\Paths))
 8 SYSTEMPATH\rewrite.php(44): require_once('C:\\xampp\\htdocs\\PROJECT-SPORTSPACE\\sportspace\\sportspace\\public\\index.php')
WARNING - 2026-07-07 18:33:56 --> [DEPRECATED] Creation of dynamic property CodeIgniter\HTTP\IncomingRequest::$user is deprecated in APPPATH\Filters\JwtAuth.php on line 29.
 1 SYSTEMPATH\Filters\Filters.php(241): App\Filters\JwtAuth->before(Object(CodeIgniter\HTTP\IncomingRequest), null)
 2 SYSTEMPATH\Filters\Filters.php(221): CodeIgniter\Filters\Filters->runBefore([...])
 3 SYSTEMPATH\CodeIgniter.php(479): CodeIgniter\Filters\Filters->run('api/booking', 'before')
 4 SYSTEMPATH\CodeIgniter.php(354): CodeIgniter\CodeIgniter->handleRequest(null, Object(Config\Cache), false)
 5 SYSTEMPATH\Boot.php(363): CodeIgniter\CodeIgniter->run()
 6 SYSTEMPATH\Boot.php(68): CodeIgniter\Boot::runCodeIgniter(Object(CodeIgniter\CodeIgniter))
 7 FCPATH\index.php(59): CodeIgniter\Boot::bootWeb(Object(Config\Paths))
 8 SYSTEMPATH\rewrite.php(44): require_once('C:\\xampp\\htdocs\\PROJECT-SPORTSPACE\\sportspace\\sportspace\\public\\index.php')
WARNING - 2026-07-07 18:35:05 --> [DEPRECATED] Creation of dynamic property CodeIgniter\HTTP\IncomingRequest::$user is deprecated in APPPATH\Filters\JwtAuth.php on line 29.
 1 SYSTEMPATH\Filters\Filters.php(241): App\Filters\JwtAuth->before(Object(CodeIgniter\HTTP\IncomingRequest), null)
 2 SYSTEMPATH\Filters\Filters.php(221): CodeIgniter\Filters\Filters->runBefore([...])
 3 SYSTEMPATH\CodeIgniter.php(479): CodeIgniter\Filters\Filters->run('api/booking', 'before')
 4 SYSTEMPATH\CodeIgniter.php(354): CodeIgniter\CodeIgniter->handleRequest(null, Object(Config\Cache), false)
 5 SYSTEMPATH\Boot.php(363): CodeIgniter\CodeIgniter->run()
 6 SYSTEMPATH\Boot.php(68): CodeIgniter\Boot::runCodeIgniter(Object(CodeIgniter\CodeIgniter))
 7 FCPATH\index.php(59): CodeIgniter\Boot::bootWeb(Object(Config\Paths))
 8 SYSTEMPATH\rewrite.php(44): require_once('C:\\xampp\\htdocs\\PROJECT-SPORTSPACE\\sportspace\\sportspace\\public\\index.php')
WARNING - 2026-07-07 18:35:08 --> [DEPRECATED] Creation of dynamic property CodeIgniter\HTTP\IncomingRequest::$user is deprecated in APPPATH\Filters\JwtAuth.php on line 29.
 1 SYSTEMPATH\Filters\Filters.php(241): App\Filters\JwtAuth->before(Object(CodeIgniter\HTTP\IncomingRequest), null)
 2 SYSTEMPATH\Filters\Filters.php(221): CodeIgniter\Filters\Filters->runBefore([...])
 3 SYSTEMPATH\CodeIgniter.php(479): CodeIgniter\Filters\Filters->run('api/booking', 'before')
 4 SYSTEMPATH\CodeIgniter.php(354): CodeIgniter\CodeIgniter->handleRequest(null, Object(Config\Cache), false)
 5 SYSTEMPATH\Boot.php(363): CodeIgniter\CodeIgniter->run()
 6 SYSTEMPATH\Boot.php(68): CodeIgniter\Boot::runCodeIgniter(Object(CodeIgniter\CodeIgniter))
 7 FCPATH\index.php(59): CodeIgniter\Boot::bootWeb(Object(Config\Paths))
 8 SYSTEMPATH\rewrite.php(44): require_once('C:\\xampp\\htdocs\\PROJECT-SPORTSPACE\\sportspace\\sportspace\\public\\index.php')
WARNING - 2026-07-07 18:35:10 --> [DEPRECATED] Creation of dynamic property CodeIgniter\HTTP\IncomingRequest::$user is deprecated in APPPATH\Filters\JwtAuth.php on line 29.
 1 SYSTEMPATH\Filters\Filters.php(241): App\Filters\JwtAuth->before(Object(CodeIgniter\HTTP\IncomingRequest), null)
 2 SYSTEMPATH\Filters\Filters.php(221): CodeIgniter\Filters\Filters->runBefore([...])
 3 SYSTEMPATH\CodeIgniter.php(479): CodeIgniter\Filters\Filters->run('api/booking', 'before')
 4 SYSTEMPATH\CodeIgniter.php(354): CodeIgniter\CodeIgniter->handleRequest(null, Object(Config\Cache), false)
 5 SYSTEMPATH\Boot.php(363): CodeIgniter\CodeIgniter->run()
 6 SYSTEMPATH\Boot.php(68): CodeIgniter\Boot::runCodeIgniter(Object(CodeIgniter\CodeIgniter))
 7 FCPATH\index.php(59): CodeIgniter\Boot::bootWeb(Object(Config\Paths))
 8 SYSTEMPATH\rewrite.php(44): require_once('C:\\xampp\\htdocs\\PROJECT-SPORTSPACE\\sportspace\\sportspace\\public\\index.php')
WARNING - 2026-07-07 18:35:27 --> [DEPRECATED] Creation of dynamic property CodeIgniter\HTTP\IncomingRequest::$user is deprecated in APPPATH\Filters\JwtAuth.php on line 29.
 1 SYSTEMPATH\Filters\Filters.php(241): App\Filters\JwtAuth->before(Object(CodeIgniter\HTTP\IncomingRequest), null)
 2 SYSTEMPATH\Filters\Filters.php(221): CodeIgniter\Filters\Filters->runBefore([...])
 3 SYSTEMPATH\CodeIgniter.php(479): CodeIgniter\Filters\Filters->run('api/booking/69/upload-bukti', 'before')
 4 SYSTEMPATH\CodeIgniter.php(354): CodeIgniter\CodeIgniter->handleRequest(null, Object(Config\Cache), false)
 5 SYSTEMPATH\Boot.php(363): CodeIgniter\CodeIgniter->run()
 6 SYSTEMPATH\Boot.php(68): CodeIgniter\Boot::runCodeIgniter(Object(CodeIgniter\CodeIgniter))
 7 FCPATH\index.php(59): CodeIgniter\Boot::bootWeb(Object(Config\Paths))
 8 SYSTEMPATH\rewrite.php(44): require_once('C:\\xampp\\htdocs\\PROJECT-SPORTSPACE\\sportspace\\sportspace\\public\\index.php')
WARNING - 2026-07-07 18:35:29 --> [DEPRECATED] Creation of dynamic property CodeIgniter\HTTP\IncomingRequest::$user is deprecated in APPPATH\Filters\JwtAuth.php on line 29.
 1 SYSTEMPATH\Filters\Filters.php(241): App\Filters\JwtAuth->before(Object(CodeIgniter\HTTP\IncomingRequest), null)
 2 SYSTEMPATH\Filters\Filters.php(221): CodeIgniter\Filters\Filters->runBefore([...])
 3 SYSTEMPATH\CodeIgniter.php(479): CodeIgniter\Filters\Filters->run('api/booking', 'before')
 4 SYSTEMPATH\CodeIgniter.php(354): CodeIgniter\CodeIgniter->handleRequest(null, Object(Config\Cache), false)
 5 SYSTEMPATH\Boot.php(363): CodeIgniter\CodeIgniter->run()
 6 SYSTEMPATH\Boot.php(68): CodeIgniter\Boot::runCodeIgniter(Object(CodeIgniter\CodeIgniter))
 7 FCPATH\index.php(59): CodeIgniter\Boot::bootWeb(Object(Config\Paths))
 8 SYSTEMPATH\rewrite.php(44): require_once('C:\\xampp\\htdocs\\PROJECT-SPORTSPACE\\sportspace\\sportspace\\public\\index.php')
WARNING - 2026-07-07 18:35:31 --> [DEPRECATED] Creation of dynamic property CodeIgniter\HTTP\IncomingRequest::$user is deprecated in APPPATH\Filters\JwtAuth.php on line 29.
 1 SYSTEMPATH\Filters\Filters.php(241): App\Filters\JwtAuth->before(Object(CodeIgniter\HTTP\IncomingRequest), null)
 2 SYSTEMPATH\Filters\Filters.php(221): CodeIgniter\Filters\Filters->runBefore([...])
 3 SYSTEMPATH\CodeIgniter.php(479): CodeIgniter\Filters\Filters->run('api/booking', 'before')
 4 SYSTEMPATH\CodeIgniter.php(354): CodeIgniter\CodeIgniter->handleRequest(null, Object(Config\Cache), false)
 5 SYSTEMPATH\Boot.php(363): CodeIgniter\CodeIgniter->run()
 6 SYSTEMPATH\Boot.php(68): CodeIgniter\Boot::runCodeIgniter(Object(CodeIgniter\CodeIgniter))
 7 FCPATH\index.php(59): CodeIgniter\Boot::bootWeb(Object(Config\Paths))
 8 SYSTEMPATH\rewrite.php(44): require_once('C:\\xampp\\htdocs\\PROJECT-SPORTSPACE\\sportspace\\sportspace\\public\\index.php')
DEBUG - 2026-07-07 18:35:48 --> Session: Class initialized using 'CodeIgniter\Session\Handlers\FileHandler' driver.
DEBUG - 2026-07-07 18:35:58 --> Session: Class initialized using 'CodeIgniter\Session\Handlers\FileHandler' driver.
DEBUG - 2026-07-07 18:36:02 --> Session: Class initialized using 'CodeIgniter\Session\Handlers\FileHandler' driver.
DEBUG - 2026-07-07 18:36:15 --> Session: Class initialized using 'CodeIgniter\Session\Handlers\FileHandler' driver.
CRITICAL - 2026-07-07 18:37:55 --> ValueError: Path cannot be empty
[Method: GET, Route: api/partner-logo/dynamix]
in APPPATH\Controllers\Api\PartnerLogoApi.php on line 63.
 1 APPPATH\Controllers\Api\PartnerLogoApi.php(63): file_get_contents('', false, resource (stream-context))
 2 APPPATH\Controllers\Api\PartnerLogoApi.php(28): App\Controllers\Api\PartnerLogoApi->fetchUrl('')
 3 SYSTEMPATH\CodeIgniter.php(933): App\Controllers\Api\PartnerLogoApi->serve('dynamix')
 4 SYSTEMPATH\CodeIgniter.php(507): CodeIgniter\CodeIgniter->runController(Object(App\Controllers\Api\PartnerLogoApi))
 5 SYSTEMPATH\CodeIgniter.php(354): CodeIgniter\CodeIgniter->handleRequest(null, Object(Config\Cache), false)
 6 SYSTEMPATH\Boot.php(363): CodeIgniter\CodeIgniter->run()
 7 SYSTEMPATH\Boot.php(68): CodeIgniter\Boot::runCodeIgniter(Object(CodeIgniter\CodeIgniter))
 8 FCPATH\index.php(59): CodeIgniter\Boot::bootWeb(Object(Config\Paths))
 9 SYSTEMPATH\rewrite.php(44): require_once('C:\\xampp\\htdocs\\PROJECT-SPORTSPACE\\sportspace\\sportspace\\public\\index.php')
CRITICAL - 2026-07-07 18:37:55 --> ErrorException: Uncaught CodeIgniter\Format\Exceptions\FormatException: Failed to parse JSON string. Error: Type is not supported in C:\xampp\htdocs\PROJECT-SPORTSPACE\sportspace\sportspace\vendor\codeigniter4\framework\system\Format\JSONFormatter.php:47
Stack trace:
#0 C:\xampp\htdocs\PROJECT-SPORTSPACE\sportspace\sportspace\vendor\codeigniter4\framework\system\Format\JSONFormatter.php(47): CodeIgniter\Format\Exceptions\FormatException::forInvalidJSON('Type is not sup...')
#1 C:\xampp\htdocs\PROJECT-SPORTSPACE\sportspace\sportspace\vendor\codeigniter4\framework\system\API\ResponseTrait.php(347): CodeIgniter\Format\JSONFormatter->format(Array)
#2 C:\xampp\htdocs\PROJECT-SPORTSPACE\sportspace\sportspace\vendor\codeigniter4\framework\system\API\ResponseTrait.php(106): CodeIgniter\Debug\ExceptionHandler->format(Array)
#3 C:\xampp\htdocs\PROJECT-SPORTSPACE\sportspace\sportspace\vendor\codeigniter4\framework\system\Debug\ExceptionHandler.php(85): CodeIgniter\Debug\ExceptionHandler->respond(Array, 500)
#4 C:\xampp\htdocs\PROJECT-SPORTSPACE\sportspace\sportspace\vendor\codeigniter4\framework\system\Debug\Exceptions.php(162): CodeIgniter\Debug\ExceptionHandler->handle(Object(ValueError), Object(CodeIgniter\HTTP\IncomingRequest), Object(CodeIgniter\HTTP\Response), 500, 1)
#5 [internal function]: CodeIgniter\Debug\Exceptions->exceptionHandler(Object(ValueError))
#6 {main}
  thrown
【Previous Exception】
ValueError
Path cannot be empty
#0 C:\xampp\htdocs\PROJECT-SPORTSPACE\sportspace\sportspace\app\Controllers\Api\PartnerLogoApi.php(63): file_get_contents('', false, Resource id #9)
#1 C:\xampp\htdocs\PROJECT-SPORTSPACE\sportspace\sportspace\app\Controllers\Api\PartnerLogoApi.php(28): App\Controllers\Api\PartnerLogoApi->fetchUrl('')
#2 C:\xampp\htdocs\PROJECT-SPORTSPACE\sportspace\sportspace\vendor\codeigniter4\framework\system\CodeIgniter.php(933): App\Controllers\Api\PartnerLogoApi->serve('dynamix')
#3 C:\xampp\htdocs\PROJECT-SPORTSPACE\sportspace\sportspace\vendor\codeigniter4\framework\system\CodeIgniter.php(507): CodeIgniter\CodeIgniter->runController(Object(App\Controllers\Api\PartnerLogoApi))
#4 C:\xampp\htdocs\PROJECT-SPORTSPACE\sportspace\sportspace\vendor\codeigniter4\framework\system\CodeIgniter.php(354): CodeIgniter\CodeIgniter->handleRequest(NULL, Object(Config\Cache), false)
#5 C:\xampp\htdocs\PROJECT-SPORTSPACE\sportspace\sportspace\vendor\codeigniter4\framework\system\Boot.php(363): CodeIgniter\CodeIgniter->run()
#6 C:\xampp\htdocs\PROJECT-SPORTSPACE\sportspace\sportspace\vendor\codeigniter4\framework\system\Boot.php(68): CodeIgniter\Boot::runCodeIgniter(Object(CodeIgniter\CodeIgniter))
#7 C:\xampp\htdocs\PROJECT-SPORTSPACE\sportspace\sportspace\public\index.php(59): CodeIgniter\Boot::bootWeb(Object(Config\Paths))
#8 C:\xampp\htdocs\PROJECT-SPORTSPACE\sportspace\sportspace\vendor\codeigniter4\framework\system\rewrite.php(44): require_once('C:\\xampp\\htdocs...')
#9 {main}
[Method: GET, Route: api/partner-logo/dynamix]
in SYSTEMPATH\Format\JSONFormatter.php on line 47.
 1 [internal function]: CodeIgniter\Debug\Exceptions->shutdownHandler()
WARNING - 2026-07-07 18:38:01 --> [DEPRECATED] Creation of dynamic property CodeIgniter\HTTP\IncomingRequest::$user is deprecated in APPPATH\Filters\JwtAuth.php on line 29.
 1 SYSTEMPATH\Filters\Filters.php(241): App\Filters\JwtAuth->before(Object(CodeIgniter\HTTP\IncomingRequest), null)
 2 SYSTEMPATH\Filters\Filters.php(221): CodeIgniter\Filters\Filters->runBefore([...])
 3 SYSTEMPATH\CodeIgniter.php(479): CodeIgniter\Filters\Filters->run('api/booking', 'before')
 4 SYSTEMPATH\CodeIgniter.php(354): CodeIgniter\CodeIgniter->handleRequest(null, Object(Config\Cache), false)
 5 SYSTEMPATH\Boot.php(363): CodeIgniter\CodeIgniter->run()
 6 SYSTEMPATH\Boot.php(68): CodeIgniter\Boot::runCodeIgniter(Object(CodeIgniter\CodeIgniter))
 7 FCPATH\index.php(59): CodeIgniter\Boot::bootWeb(Object(Config\Paths))
 8 SYSTEMPATH\rewrite.php(44): require_once('C:\\xampp\\htdocs\\PROJECT-SPORTSPACE\\sportspace\\sportspace\\public\\index.php')
WARNING - 2026-07-07 18:38:03 --> [DEPRECATED] Creation of dynamic property CodeIgniter\HTTP\IncomingRequest::$user is deprecated in APPPATH\Filters\JwtAuth.php on line 29.
 1 SYSTEMPATH\Filters\Filters.php(241): App\Filters\JwtAuth->before(Object(CodeIgniter\HTTP\IncomingRequest), null)
 2 SYSTEMPATH\Filters\Filters.php(221): CodeIgniter\Filters\Filters->runBefore([...])
 3 SYSTEMPATH\CodeIgniter.php(479): CodeIgniter\Filters\Filters->run('api/booking', 'before')
 4 SYSTEMPATH\CodeIgniter.php(354): CodeIgniter\CodeIgniter->handleRequest(null, Object(Config\Cache), false)
 5 SYSTEMPATH\Boot.php(363): CodeIgniter\CodeIgniter->run()
 6 SYSTEMPATH\Boot.php(68): CodeIgniter\Boot::runCodeIgniter(Object(CodeIgniter\CodeIgniter))
 7 FCPATH\index.php(59): CodeIgniter\Boot::bootWeb(Object(Config\Paths))
 8 SYSTEMPATH\rewrite.php(44): require_once('C:\\xampp\\htdocs\\PROJECT-SPORTSPACE\\sportspace\\sportspace\\public\\index.php')
